perf_resident_001,Resident123456
perf_resident_002,Resident123456
perf_resident_003,Resident123456
perf_resident_004,Resident123456
perf_resident_005,Resident123456
perf_resident_006,Resident123456
perf_resident_007,Resident123456
perf_resident_008,Resident123456
perf_resident_009,Resident123456
perf_resident_010,Resident123456
perf_resident_011,Resident123456
perf_resident_012,Resident123456
perf_resident_013,Resident123456
perf_resident_014,Resident123456
perf_resident_015,Resident123456
perf_resident_016,Resident123456
perf_resident_017,Resident123456
perf_resident_018,Resident123456
perf_resident_019,Resident123456
perf_resident_020,Resident123456
perf_resident_021,Resident123456
perf_resident_022,Resident123456
perf_resident_023,Resident123456
perf_resident_024,Resident123456
perf_resident_025,Resident123456
perf_resident_026,Resident123456
perf_resident_027,Resident123456
perf_resident_028,Resident123456
perf_resident_029,Resident123456
perf_resident_030,Resident123456
perf_resident_031,Resident123456
perf_resident_032,Resident123456
perf_resident_033,Resident123456
perf_resident_034,Resident123456
perf_resident_035,Resident123456
perf_resident_036,Resident123456
perf_resident_037,Resident123456
perf_resident_038,Resident123456
perf_resident_039,Resident123456
perf_resident_040,Resident123456
perf_resident_041,Resident123456
perf_resident_042,Resident123456
perf_resident_043,Resident123456
perf_resident_044,Resident123456
perf_resident_045,Resident123456
perf_resident_046,Resident123456
perf_resident_047,Resident123456
perf_resident_048,Resident123456
perf_resident_049,Resident123456
perf_resident_050,Resident123456
perf_resident_051,Resident123456
perf_resident_052,Resident123456
perf_resident_053,Resident123456
perf_resident_054,Resident123456
perf_resident_055,Resident123456
perf_resident_056,Resident123456
perf_resident_057,Resident123456
perf_resident_058,Resident123456
perf_resident_059,Resident123456
perf_resident_060,Resident123456
perf_resident_061,Resident123456
perf_resident_062,Resident123456
perf_resident_063,Resident123456
perf_resident_064,Resident123456
perf_resident_065,Resident123456
perf_resident_066,Resident123456
perf_resident_067,Resident123456
perf_resident_068,Resident123456
perf_resident_069,Resident123456
perf_resident_070,Resident123456
perf_resident_071,Resident123456
perf_resident_072,Resident123456
perf_resident_073,Resident123456
perf_resident_074,Resident123456
perf_resident_075,Resident123456
perf_resident_076,Resident123456
perf_resident_077,Resident123456
perf_resident_078,Resident123456
perf_resident_079,Resident123456
perf_resident_080,Resident123456
perf_resident_081,Resident123456
perf_resident_082,Resident123456
perf_resident_083,Resident123456
perf_resident_084,Resident123456
perf_resident_085,Resident123456
perf_resident_086,Resident123456
perf_resident_087,Resident123456
perf_resident_088,Resident123456
perf_resident_089,Resident123456
perf_resident_090,Resident123456
perf_resident_091,Resident123456
perf_resident_092,Resident123456
perf_resident_093,Resident123456
perf_resident_094,Resident123456
perf_resident_095,Resident123456
perf_resident_096,Resident123456
perf_resident_097,Resident123456
perf_resident_098,Resident123456
perf_resident_099,Resident123456
perf_resident_100,Resident123456
perf_resident_101,Resident123456
perf_resident_102,Resident123456
perf_resident_103,Resident123456
perf_resident_104,Resident123456
perf_resident_105,Resident123456
perf_resident_106,Resident123456
perf_resident_107,Resident123456
perf_resident_108,Resident123456
perf_resident_109,Resident123456
perf_resident_110,Resident123456
perf_resident_111,Resident123456
perf_resident_112,Resident123456
perf_resident_113,Resident123456
perf_resident_114,Resident123456
perf_resident_115,Resident123456
perf_resident_116,Resident123456
perf_resident_117,Resident123456
perf_resident_118,Resident123456
perf_resident_119,Resident123456
perf_resident_120,Resident123456
perf_resident_121,Resident123456
perf_resident_122,Resident123456
perf_resident_123,Resident123456
perf_resident_124,Resident123456
perf_resident_125,Resident123456
perf_resident_126,Resident123456
perf_resident_127,Resident123456
perf_resident_128,Resident123456
perf_resident_129,Resident123456
perf_resident_130,Resident123456
perf_resident_131,Resident123456
perf_resident_132,Resident123456
perf_resident_133,Resident123456
perf_resident_134,Resident123456
perf_resident_135,Resident123456
perf_resident_136,Resident123456
perf_resident_137,Resident123456
perf_resident_138,Resident123456
perf_resident_139,Resident123456
perf_resident_140,Resident123456
perf_resident_141,Resident123456
perf_resident_142,Resident123456
perf_resident_143,Resident123456
perf_resident_144,Resident123456
perf_resident_145,Resident123456
perf_resident_146,Resident123456
perf_resident_147,Resident123456
perf_resident_148,Resident123456
perf_resident_149,Resident123456
perf_resident_150,Resident123456
perf_resident_151,Resident123456
perf_resident_152,Resident123456
perf_resident_153,Resident123456
perf_resident_154,Resident123456
perf_resident_155,Resident123456
perf_resident_156,Resident123456
perf_resident_157,Resident123456
perf_resident_158,Resident123456
perf_resident_159,Resident123456
perf_resident_160,Resident123456
perf_resident_161,Resident123456
perf_resident_162,Resident123456
perf_resident_163,Resident123456
perf_resident_164,Resident123456
perf_resident_165,Resident123456
perf_resident_166,Resident123456
perf_resident_167,Resident123456
perf_resident_168,Resident123456
perf_resident_169,Resident123456
perf_resident_170,Resident123456
perf_resident_171,Resident123456
perf_resident_172,Resident123456
perf_resident_173,Resident123456
perf_resident_174,Resident123456
perf_resident_175,Resident123456
perf_resident_176,Resident123456
perf_resident_177,Resident123456
perf_resident_178,Resident123456
perf_resident_179,Resident123456
perf_resident_180,Resident123456
perf_resident_181,Resident123456
perf_resident_182,Resident123456
perf_resident_183,Resident123456
perf_resident_184,Resident123456
perf_resident_185,Resident123456
perf_resident_186,Resident123456
perf_resident_187,Resident123456
perf_resident_188,Resident123456
perf_resident_189,Resident123456
perf_resident_190,Resident123456
perf_resident_191,Resident123456
perf_resident_192,Resident123456
perf_resident_193,Resident123456
perf_resident_194,Resident123456
perf_resident_195,Resident123456
perf_resident_196,Resident123456
perf_resident_197,Resident123456
perf_resident_198,Resident123456
perf_resident_199,Resident123456
perf_resident_200,Resident123456
