perf_resident_001,eyJhbGciOiJIUzM4NCJ9.eyJqdGkiOiJiNzU2MzA1NjNmNDE0MjVkOTNlMTZkY2JiMmY5MTQyMiIsInN1YiI6IjIzIiwidXNlcm5hbWUiOiJwZXJmX3Jlc2lkZW50XzAwMSIsInJvbGUiOiJSRVNJREVOVCIsImlhdCI6MTc4OTQ0MjM4MCwiZXhwIjoxNzg5NDQ5NTgwfQ.V4jLwCX8sCdDENv7IvEtvV6h55uJTfpsT-fgidK-uyS4MBp4umL2rbZwSWelnLsZ
perf_resident_002,eyJhbGciOiJIUzM4NCJ9.eyJqdGkiOiIzOTRjM2IyNTBjMjE0NzZhYjU4ZWJkMDY4OGM2ZGY5YiIsInN1YiI6IjQzIiwidXNlcm5hbWUiOiJwZXJmX3Jlc2lkZW50XzAwMiIsInJvbGUiOiJSRVNJREVOVCIsImlhdCI6MTc4OTQ0MjM4MSwiZXhwIjoxNzg5NDQ5NTgxfQ.j5CBDz58YoRATONANrBK8cQV3Cpgtd-tVKyjlOK95u187zh1Z78pTzD7U4IB5ifF
perf_resident_003,eyJhbGciOiJIUzM4NCJ9.eyJqdGkiOiIxMGU4ZjNkMDBlMDg0Mjg4Yjc3MTk5ZjFhNjFlZGExMCIsInN1YiI6IjYzIiwidXNlcm5hbWUiOiJwZXJmX3Jlc2lkZW50XzAwMyIsInJvbGUiOiJSRVNJREVOVCIsImlhdCI6MTc4OTQ0MjM4MSwiZXhwIjoxNzg5NDQ5NTgxfQ.rcsCSoUf5LWYpDZijd9jlFK8uKjpWQ9Z9tPBtALru8q9cmtx-ViiK6rMwCjYR-Cr
perf_resident_004,eyJhbGciOiJIUzM4NCJ9.eyJqdGkiOiI2Yzg1NzJjZWMzYTQ0N2Q2OTViYWEzNWI4YTUxYmQyOCIsInN1YiI6IjgzIiwidXNlcm5hbWUiOiJwZXJmX3Jlc2lkZW50XzAwNCIsInJvbGUiOiJSRVNJREVOVCIsImlhdCI6MTc4OTQ0MjM4MSwiZXhwIjoxNzg5NDQ5NTgxfQ.I0UVJihR7bt0KzlTCD34E837e2Nyr0tYVsaB21zsBCB7itlurhUGOW06OLb-ATAQ
perf_resident_005,eyJhbGciOiJIUzM4NCJ9.eyJqdGkiOiIwMWVhN2UzMmU3NTU0ZGU0ODRiOThmOWY1Mjk2NTMzNSIsInN1YiI6IjEwMyIsInVzZXJuYW1lIjoicGVyZl9yZXNpZGVudF8wMDUiLCJyb2xlIjoiUkVTSURFTlQiLCJpYXQiOjE3ODk0NDIzODEsImV4cCI6MTc4OTQ0OTU4MX0.Yj8kTjopw-KrMm9YhSD72wrAGLdPz4SdEZcyzPmVq2E4HGWWHV_R8wAWQ0rhT0dg
perf_resident_006,eyJhbGciOiJIUzM4NCJ9.eyJqdGkiOiI1NGM3OTM4NzE1Yjk0Yjc3ODBjOGNjZGM5ZGFiYmEzNyIsInN1YiI6IjEyMyIsInVzZXJuYW1lIjoicGVyZl9yZXNpZGVudF8wMDYiLCJyb2xlIjoiUkVTSURFTlQiLCJpYXQiOjE3ODk0NDIzODIsImV4cCI6MTc4OTQ0OTU4Mn0.J3xqhQ8gyJOcD7OgbMRfDO4xwVPC-XwFXGIEZ_DUtYyUIwNGcFvsGb0uWM7aygES
perf_resident_007,eyJhbGciOiJIUzM4NCJ9.eyJqdGkiOiIxMDdjNmNlNTU0NjI0OWUxOGRlZDZkYTQ0ZjAyNTA2ZiIsInN1YiI6IjE0MyIsInVzZXJuYW1lIjoicGVyZl9yZXNpZGVudF8wMDciLCJyb2xlIjoiUkVTSURFTlQiLCJpYXQiOjE3ODk0NDIzODIsImV4cCI6MTc4OTQ0OTU4Mn0.KhFA7Kk5pYNkG0v6LEkJlmMBlOBFxKJ2-6jCxO8FUOYnhUxJydjB2Yffa-GEMN2p
perf_resident_008,eyJhbGciOiJIUzM4NCJ9.eyJqdGkiOiJjMzk2YWYyODA3ZjI0NWM0OTE0MGQ0YzVkMzMwMmY3MiIsInN1YiI6IjE2MyIsInVzZXJuYW1lIjoicGVyZl9yZXNpZGVudF8wMDgiLCJyb2xlIjoiUkVTSURFTlQiLCJpYXQiOjE3ODk0NDIzODIsImV4cCI6MTc4OTQ0OTU4Mn0.tpnimmtjbDFQyjVd5R7rP0S9TAbRFeJNe6d9sw7yNtwT7I4VA9UMTZBu6Dk1RZTX
perf_resident_009,eyJhbGciOiJIUzM4NCJ9.eyJqdGkiOiI4MTcyNmZmNzEyMzM0MzZjYmI4ODRmYTg4MjZmOGYwZSIsInN1YiI6IjE4MyIsInVzZXJuYW1lIjoicGVyZl9yZXNpZGVudF8wMDkiLCJyb2xlIjoiUkVTSURFTlQiLCJpYXQiOjE3ODk0NDIzODIsImV4cCI6MTc4OTQ0OTU4Mn0.l71zNDWizLxojNKEg3AtBgZmv5tjmDZOmpBZE5HEIlNKKmDONFQyPI2z9DqatKD-
perf_resident_010,eyJhbGciOiJIUzM4NCJ9.eyJqdGkiOiJlMjc1ODE2YTJkNjU0MWFlOGI0M2M4MTM4ZTFjYTU5MSIsInN1YiI6IjIwMyIsInVzZXJuYW1lIjoicGVyZl9yZXNpZGVudF8wMTAiLCJyb2xlIjoiUkVTSURFTlQiLCJpYXQiOjE3ODk0NDIzODIsImV4cCI6MTc4OTQ0OTU4Mn0.-VuuTYK9SHVJd6hk1y9q_KMMFYTg4HPWyoOt0CKBW2PjGlKTdNx33NOesMv_x_vG
perf_resident_011,eyJhbGciOiJIUzM4NCJ9.eyJqdGkiOiJlYTdkNmM0NDIxMWQ0OGI3ODYwZmY4MjQxZmY3YmFhYiIsInN1YiI6IjIxIiwidXNlcm5hbWUiOiJwZXJmX3Jlc2lkZW50XzAxMSIsInJvbGUiOiJSRVNJREVOVCIsImlhdCI6MTc4OTQ0MjM4MiwiZXhwIjoxNzg5NDQ5NTgyfQ.bbrCpBmKtViPsPbohiCDTSlQmbgbtZetADeFz1iNPzE79r0DMGKY8RawXx_SyCeX
perf_resident_012,eyJhbGciOiJIUzM4NCJ9.eyJqdGkiOiI4NGYzNTk4MWJmYjU0ZjEyYWU1MDBlZDVkYmE4MDBiYyIsInN1YiI6IjQxIiwidXNlcm5hbWUiOiJwZXJmX3Jlc2lkZW50XzAxMiIsInJvbGUiOiJSRVNJREVOVCIsImlhdCI6MTc4OTQ0MjM4MiwiZXhwIjoxNzg5NDQ5NTgyfQ.lhPdSJ6iXcSPKVjzPgxoJ4uEaW4o3A6pc9_W4mlzoi7AT42QoUNotJ_vgzoT7Ca9
perf_resident_013,eyJhbGciOiJIUzM4NCJ9.eyJqdGkiOiI2ZDM3Yjc3N2IyYTQ0NzYwYWYwYzZhZjI2MjkxMjc5NyIsInN1YiI6IjYxIiwidXNlcm5hbWUiOiJwZXJmX3Jlc2lkZW50XzAxMyIsInJvbGUiOiJSRVNJREVOVCIsImlhdCI6MTc4OTQ0MjM4MiwiZXhwIjoxNzg5NDQ5NTgyfQ._fK4IMymywhGH6fQqBI_K0XF8OchYTJZINAmfSKuW5Vt33I3RoQxrxR2C5zAE-lp
perf_resident_014,eyJhbGciOiJIUzM4NCJ9.eyJqdGkiOiJjZjE2M2UzNjgzZTE0NjViODU4OTRlNzFkNmEwMTNjMSIsInN1YiI6IjgxIiwidXNlcm5hbWUiOiJwZXJmX3Jlc2lkZW50XzAxNCIsInJvbGUiOiJSRVNJREVOVCIsImlhdCI6MTc4OTQ0MjM4MiwiZXhwIjoxNzg5NDQ5NTgyfQ.pEIn-tLXncdg3GhiQgbMGyEirvHToK22GdaZjaL2ZB7MczEwKb9KZ0hLhmgKQ6Yn
perf_resident_015,eyJhbGciOiJIUzM4NCJ9.eyJqdGkiOiJjMmVkZTdmZDFjZGE0Y2YyOGU0MzU1ZWIyNTQyN2Y4MCIsInN1YiI6IjEwMSIsInVzZXJuYW1lIjoicGVyZl9yZXNpZGVudF8wMTUiLCJyb2xlIjoiUkVTSURFTlQiLCJpYXQiOjE3ODk0NDIzODIsImV4cCI6MTc4OTQ0OTU4Mn0.flR2BZbpHVSMvCrtX6eXcK_CbrnrBxqTPhv58hXvo5GvtJyJ6s_MFGbW4nJ4tZPf
perf_resident_016,eyJhbGciOiJIUzM4NCJ9.eyJqdGkiOiIxNjZkODA2NDNmMGM0NmVkYjkwZGVmMjc3OTU2MTk2YiIsInN1YiI6IjEyMSIsInVzZXJuYW1lIjoicGVyZl9yZXNpZGVudF8wMTYiLCJyb2xlIjoiUkVTSURFTlQiLCJpYXQiOjE3ODk0NDIzODIsImV4cCI6MTc4OTQ0OTU4Mn0.AcLTcG7Ail2GbNcAi3QC85zEcAlOrqkRrFvOKDdHJMvuQlVors_lxuHvAqbx-Ycs
perf_resident_017,eyJhbGciOiJIUzM4NCJ9.eyJqdGkiOiI4MWEyMTJkNDc2NWU0NzkyYjNlNGM2N2MzNjNhNzQ5ZSIsInN1YiI6IjE0MSIsInVzZXJuYW1lIjoicGVyZl9yZXNpZGVudF8wMTciLCJyb2xlIjoiUkVTSURFTlQiLCJpYXQiOjE3ODk0NDIzODIsImV4cCI6MTc4OTQ0OTU4Mn0.uK448qSLXx3K0C7rQtODY-pVxcnNC6O3aPhFM3VpccXHXVaLOTSYg_0dBXGOKM_3
perf_resident_018,eyJhbGciOiJIUzM4NCJ9.eyJqdGkiOiI0ZTI2ZDRlMDk2OTY0ZjY2OGQ1MDJmOTZiZTMwMzY3ZCIsInN1YiI6IjE2MSIsInVzZXJuYW1lIjoicGVyZl9yZXNpZGVudF8wMTgiLCJyb2xlIjoiUkVTSURFTlQiLCJpYXQiOjE3ODk0NDIzODIsImV4cCI6MTc4OTQ0OTU4Mn0._Z2gzMUqPns-bJmO-it-A3uEYTcOwbDqJ97Fhtbc4fGM5zVosobdwqx_nPYvSyeO
perf_resident_019,eyJhbGciOiJIUzM4NCJ9.eyJqdGkiOiI1ODU0NDEzNDRmYmI0ZjNiYWEyNjdjYTk4NjAwYjdkZiIsInN1YiI6IjE4MSIsInVzZXJuYW1lIjoicGVyZl9yZXNpZGVudF8wMTkiLCJyb2xlIjoiUkVTSURFTlQiLCJpYXQiOjE3ODk0NDIzODIsImV4cCI6MTc4OTQ0OTU4Mn0.E3ZJd68HCvPg0Dw-3XUST3ilnqh0HBLAjY0qe9zys6fuuMHOpTGzmD3crYYoc8i0
perf_resident_020,eyJhbGciOiJIUzM4NCJ9.eyJqdGkiOiI1NjExOTEwZGUzYTk0ZmY1OGRkYjE1OWNmY2I4YjAxNiIsInN1YiI6IjIwMSIsInVzZXJuYW1lIjoicGVyZl9yZXNpZGVudF8wMjAiLCJyb2xlIjoiUkVTSURFTlQiLCJpYXQiOjE3ODk0NDIzODIsImV4cCI6MTc4OTQ0OTU4Mn0.eb5Q67A9X5bH3AnTDu-uFQpqyDn-5yqflzIVQRk0F3f8T3fn7PvOCs6WaaNI0sgV
perf_resident_021,eyJhbGciOiJIUzM4NCJ9.eyJqdGkiOiI0NGUzMjFmNjRjZWY0MzI0OTUxNGQ0YmViOTQ3YzYyMiIsInN1YiI6IjE5IiwidXNlcm5hbWUiOiJwZXJmX3Jlc2lkZW50XzAyMSIsInJvbGUiOiJSRVNJREVOVCIsImlhdCI6MTc4OTQ0MjM4MywiZXhwIjoxNzg5NDQ5NTgzfQ.NeKjyNMwBlptAlbs_sUlas_RaB9gCuWsdWykj_fROqT2NZea4G5jVsrujrlWnWsr
perf_resident_022,eyJhbGciOiJIUzM4NCJ9.eyJqdGkiOiIyMDdhNjlhN2NmZjg0YjI3ODFkMmU0N2Y5MThiMTQ3ZSIsInN1YiI6IjM5IiwidXNlcm5hbWUiOiJwZXJmX3Jlc2lkZW50XzAyMiIsInJvbGUiOiJSRVNJREVOVCIsImlhdCI6MTc4OTQ0MjM4MywiZXhwIjoxNzg5NDQ5NTgzfQ.Cn3FdpAbnfSjd9mDbB35Czr_nmSp5PCuYK_-NO6MsGxDPiOKf6osIxkFH3-p6uF9
perf_resident_023,eyJhbGciOiJIUzM4NCJ9.eyJqdGkiOiI3N2NkMTNkYjliNjk0ZjNhYWUwNmM0YWY1ZTFmYjkzMSIsInN1YiI6IjU5IiwidXNlcm5hbWUiOiJwZXJmX3Jlc2lkZW50XzAyMyIsInJvbGUiOiJSRVNJREVOVCIsImlhdCI6MTc4OTQ0MjM4MywiZXhwIjoxNzg5NDQ5NTgzfQ.BJVA9cvJGPor6tFNHymRJYWf_Nmw9BEUt27kSxIJHcgtNJmLNu72RnR4eVgHGdp7
perf_resident_024,eyJhbGciOiJIUzM4NCJ9.eyJqdGkiOiI1ZWYwMzkwN2Q2MTc0YzFmYjcxYmU5ZTAzZmFhYmY3ZCIsInN1YiI6Ijc5IiwidXNlcm5hbWUiOiJwZXJmX3Jlc2lkZW50XzAyNCIsInJvbGUiOiJSRVNJREVOVCIsImlhdCI6MTc4OTQ0MjM4MywiZXhwIjoxNzg5NDQ5NTgzfQ.LjdK1USxmr94pEWAd9lh8OC0PDnlWH4xea5XhnEOcWLWsfvGpR1WOhvTVlqTVNWT
perf_resident_025,eyJhbGciOiJIUzM4NCJ9.eyJqdGkiOiIyM2RhN2Y0MzIzMmI0NmFkYWUzNzA0MzVhNTc0ZmZkMSIsInN1YiI6Ijk5IiwidXNlcm5hbWUiOiJwZXJmX3Jlc2lkZW50XzAyNSIsInJvbGUiOiJSRVNJREVOVCIsImlhdCI6MTc4OTQ0MjM4MywiZXhwIjoxNzg5NDQ5NTgzfQ.EFDtEGgH2cbGauuEQy32z9HLIIhuTUE6DNfrNPwzeStzFJpuLNX8Pw6AKnou-qZj
perf_resident_026,eyJhbGciOiJIUzM4NCJ9.eyJqdGkiOiJkMDI3ZDFlODU3YzU0NTdhYjRiMDgyOWUzOWM0Y2JkNCIsInN1YiI6IjExOSIsInVzZXJuYW1lIjoicGVyZl9yZXNpZGVudF8wMjYiLCJyb2xlIjoiUkVTSURFTlQiLCJpYXQiOjE3ODk0NDIzODMsImV4cCI6MTc4OTQ0OTU4M30.tFgGp9hTlPwKypCDlAFCh7FqI-iyL7PQRBvdRepBnpMiWDfHtdLVsH-5cYI54uwh
perf_resident_027,eyJhbGciOiJIUzM4NCJ9.eyJqdGkiOiI2YzEzZDdlMWM3ZDk0N2NhODU1MmU2NDdkNGZjMzU3YiIsInN1YiI6IjEzOSIsInVzZXJuYW1lIjoicGVyZl9yZXNpZGVudF8wMjciLCJyb2xlIjoiUkVTSURFTlQiLCJpYXQiOjE3ODk0NDIzODMsImV4cCI6MTc4OTQ0OTU4M30.2UwrZ-XIQZDn2Z4VGH2IckwycoG10Pe3sdTUJKKcVjkH8Exyp3eyAF0aJ0SPqZ35
perf_resident_028,eyJhbGciOiJIUzM4NCJ9.eyJqdGkiOiIwYmI5MGM5YzQzZTg0ZmI1YTUyNzg2ZDJiMjBmNGYyOCIsInN1YiI6IjE1OSIsInVzZXJuYW1lIjoicGVyZl9yZXNpZGVudF8wMjgiLCJyb2xlIjoiUkVTSURFTlQiLCJpYXQiOjE3ODk0NDIzODMsImV4cCI6MTc4OTQ0OTU4M30.XdjGfm_22W82aJXfcNG2qguHk80-oMEJQZiK1tbXDhdgMRnGuL6uefgCt1BZ04Sf
perf_resident_029,eyJhbGciOiJIUzM4NCJ9.eyJqdGkiOiI3ZWU5ZDZiNGYxNzQ0ZDI1OTRlZGUzYmFhNDNmODNkNSIsInN1YiI6IjE3OSIsInVzZXJuYW1lIjoicGVyZl9yZXNpZGVudF8wMjkiLCJyb2xlIjoiUkVTSURFTlQiLCJpYXQiOjE3ODk0NDIzODMsImV4cCI6MTc4OTQ0OTU4M30.widQhvH56Ih0C9jp-Db-iudBXA49mUcdHcJ5CdNGFR7mM1lMVb4PjKGxAHbnpsRX
perf_resident_030,eyJhbGciOiJIUzM4NCJ9.eyJqdGkiOiI0YTRjZGExNDllYTE0YWVhODYxNjJmNTE5YWJjMWYwYyIsInN1YiI6IjE5OSIsInVzZXJuYW1lIjoicGVyZl9yZXNpZGVudF8wMzAiLCJyb2xlIjoiUkVTSURFTlQiLCJpYXQiOjE3ODk0NDIzODMsImV4cCI6MTc4OTQ0OTU4M30.A2VLp16ds47tN-xAKZEQI6JWY5OPMDvlg7bAObRHhfo81XNu-1Vv5xEEEqMp1QzQ
perf_resident_031,eyJhbGciOiJIUzM4NCJ9.eyJqdGkiOiI0ZWE3ODU1ODYyMDI0OTNhYTRkOWZiZTA3NGMwNDJiZSIsInN1YiI6IjE3IiwidXNlcm5hbWUiOiJwZXJmX3Jlc2lkZW50XzAzMSIsInJvbGUiOiJSRVNJREVOVCIsImlhdCI6MTc4OTQ0MjM4MywiZXhwIjoxNzg5NDQ5NTgzfQ.zqmsmykG2po_WAQ-Ht5sUytfU3qYrSrKdC5690hnbkP9761M8ALC6CCBxl5mVhxv
perf_resident_032,eyJhbGciOiJIUzM4NCJ9.eyJqdGkiOiIyMDEwOTJiMDI3OTk0ZDg1YWQ4YWU0ZTZiODlmNzE4ZCIsInN1YiI6IjM3IiwidXNlcm5hbWUiOiJwZXJmX3Jlc2lkZW50XzAzMiIsInJvbGUiOiJSRVNJREVOVCIsImlhdCI6MTc4OTQ0MjM4MywiZXhwIjoxNzg5NDQ5NTgzfQ.LZf1CtN_4hjoexO2vy3hPmYIrE-p5BfsP6yjFTKJgHqGcQ2xQZ4CPBWcIcdsqGy3
perf_resident_033,eyJhbGciOiJIUzM4NCJ9.eyJqdGkiOiIwZDRmNzI2N2NjMWI0Y2QxYTk4NzQzYmY1MWYyMDk0NCIsInN1YiI6IjU3IiwidXNlcm5hbWUiOiJwZXJmX3Jlc2lkZW50XzAzMyIsInJvbGUiOiJSRVNJREVOVCIsImlhdCI6MTc4OTQ0MjM4MywiZXhwIjoxNzg5NDQ5NTgzfQ.MnZoco0yHnDPr-6He281vRK1wGANtaIB2IBOgPKyr_Ng0YKF-YgUaqd1WQhYKK7H
perf_resident_034,eyJhbGciOiJIUzM4NCJ9.eyJqdGkiOiJjMDMxY2E1MmI3Mjc0MDM5YTg2MDJhMTNiN2EyYmMwNCIsInN1YiI6Ijc3IiwidXNlcm5hbWUiOiJwZXJmX3Jlc2lkZW50XzAzNCIsInJvbGUiOiJSRVNJREVOVCIsImlhdCI6MTc4OTQ0MjM4MywiZXhwIjoxNzg5NDQ5NTgzfQ.5YSmsWe59hC6Sdnb7OwEA49rlJKMoDsn-e5Mr6enCNs6Yr9okkGCjurrdRjt4rfi
perf_resident_035,eyJhbGciOiJIUzM4NCJ9.eyJqdGkiOiIwMDM1OTkwMWM5OTg0NTk1ODliZDdlNjRhN2E1M2U3MiIsInN1YiI6Ijk3IiwidXNlcm5hbWUiOiJwZXJmX3Jlc2lkZW50XzAzNSIsInJvbGUiOiJSRVNJREVOVCIsImlhdCI6MTc4OTQ0MjM4MywiZXhwIjoxNzg5NDQ5NTgzfQ.JHrchMCbWAZwu5SmYnMQ79jQYxxwRBZIjbRrAzK5XHIoYOQ2o89JmIQCpkCrhloO
perf_resident_036,eyJhbGciOiJIUzM4NCJ9.eyJqdGkiOiJjOTg5MDM4ZmUzNWM0ZTNkOTIxZmRkYTdiMjNiODY4OSIsInN1YiI6IjExNyIsInVzZXJuYW1lIjoicGVyZl9yZXNpZGVudF8wMzYiLCJyb2xlIjoiUkVTSURFTlQiLCJpYXQiOjE3ODk0NDIzODQsImV4cCI6MTc4OTQ0OTU4NH0.ltDRqAcHMdXxP5ot_SM0Chc-rsbbI5JR2G4B6Ply08dY45eLG3Rzf2zoSN2hKJ_O
perf_resident_037,eyJhbGciOiJIUzM4NCJ9.eyJqdGkiOiIzYjkxZjA0NWRkZjk0OGU2OGQ5YmIzY2UxMDM4NDgyMiIsInN1YiI6IjEzNyIsInVzZXJuYW1lIjoicGVyZl9yZXNpZGVudF8wMzciLCJyb2xlIjoiUkVTSURFTlQiLCJpYXQiOjE3ODk0NDIzODQsImV4cCI6MTc4OTQ0OTU4NH0.eRXDx0vkiqUHVpD5Mlx-OpsXbX-XLdPwnpHzQx_ruDlcB7hkyxMAguLpiQqUo-IG
perf_resident_038,eyJhbGciOiJIUzM4NCJ9.eyJqdGkiOiJjNDllOGE1MTgwNTA0NTY4OTM2NDY0MDE0ODJkMWU5NyIsInN1YiI6IjE1NyIsInVzZXJuYW1lIjoicGVyZl9yZXNpZGVudF8wMzgiLCJyb2xlIjoiUkVTSURFTlQiLCJpYXQiOjE3ODk0NDIzODQsImV4cCI6MTc4OTQ0OTU4NH0.Owf2uN6Vtsfpkdm6HFgRwdiHsDNsWnxESuk9I9mlHuvaIPChMT5Y7UXXD2J93cX3
perf_resident_039,eyJhbGciOiJIUzM4NCJ9.eyJqdGkiOiJkMWJkNGVjNzdlODU0N2U4OWNmZTQ4Y2ZhZDI4YTQ0ZiIsInN1YiI6IjE3NyIsInVzZXJuYW1lIjoicGVyZl9yZXNpZGVudF8wMzkiLCJyb2xlIjoiUkVTSURFTlQiLCJpYXQiOjE3ODk0NDIzODQsImV4cCI6MTc4OTQ0OTU4NH0.OvOZTURGpfsWbei6gGZQZ_lVCRAi1Vb-EJm6VBR53QHcNrpSkEPS3VvFkR8Ez82A
perf_resident_040,eyJhbGciOiJIUzM4NCJ9.eyJqdGkiOiJlOTgwNjJjMGM1ZGU0ZmI0YTIwN2NjNjFlNmU4NDE3MCIsInN1YiI6IjE5NyIsInVzZXJuYW1lIjoicGVyZl9yZXNpZGVudF8wNDAiLCJyb2xlIjoiUkVTSURFTlQiLCJpYXQiOjE3ODk0NDIzODQsImV4cCI6MTc4OTQ0OTU4NH0.Y0qPhb7cESpw3t_6MyZyUbtlj-bDmSEMy8NnKj7sBbGqkOiGVPmLOpg4J5P8HRQs
perf_resident_041,eyJhbGciOiJIUzM4NCJ9.eyJqdGkiOiJjNzRiZTEzMjI2ODk0YjllOGY1ZTQ4N2JlMjhlY2I1OCIsInN1YiI6IjE1IiwidXNlcm5hbWUiOiJwZXJmX3Jlc2lkZW50XzA0MSIsInJvbGUiOiJSRVNJREVOVCIsImlhdCI6MTc4OTQ0MjM4NCwiZXhwIjoxNzg5NDQ5NTg0fQ.MKTas3ajYFc_g7KTJwwdZ_4A3iYZD1r8nMJZea5S0cMkDRlHHzNDy27UzGgR43GQ
perf_resident_042,eyJhbGciOiJIUzM4NCJ9.eyJqdGkiOiI3OWMwYmI3NzNkMGY0Njk1YWFlMWYzMzJiNjg3MTA4NyIsInN1YiI6IjM1IiwidXNlcm5hbWUiOiJwZXJmX3Jlc2lkZW50XzA0MiIsInJvbGUiOiJSRVNJREVOVCIsImlhdCI6MTc4OTQ0MjM4NCwiZXhwIjoxNzg5NDQ5NTg0fQ.gsgAid7Vms7u7AvSgIpzdfUjtkJoxg5KG36hwJZecSksorlrpi2rOqujP7fid0lu
perf_resident_043,eyJhbGciOiJIUzM4NCJ9.eyJqdGkiOiI5YjhkZDBkZjhmYmI0ODdkOTgzNzMyMjUzYWMyMWE3YyIsInN1YiI6IjU1IiwidXNlcm5hbWUiOiJwZXJmX3Jlc2lkZW50XzA0MyIsInJvbGUiOiJSRVNJREVOVCIsImlhdCI6MTc4OTQ0MjM4NCwiZXhwIjoxNzg5NDQ5NTg0fQ.7Q5J1d0xYButWblJs3f90bnHJUT_tAriLRzJOshEcQO19tlfJG6ByoDxLvoboarN
perf_resident_044,eyJhbGciOiJIUzM4NCJ9.eyJqdGkiOiJiOGEyZTZhYTg4MmY0MGIzODAyZTljODM1NGMzYjE5NyIsInN1YiI6Ijc1IiwidXNlcm5hbWUiOiJwZXJmX3Jlc2lkZW50XzA0NCIsInJvbGUiOiJSRVNJREVOVCIsImlhdCI6MTc4OTQ0MjM4NCwiZXhwIjoxNzg5NDQ5NTg0fQ.C36S_0aM-Jb_Di8nTJoOlUX7oqgy2vU5JrAwN0tPtx2Tq6H_gZD219ZrchdTdXGA
perf_resident_045,eyJhbGciOiJIUzM4NCJ9.eyJqdGkiOiI0NTRmMjY0MzYwNzg0MGRmYTA1YjkxZWU5NjZkYTIwMCIsInN1YiI6Ijk1IiwidXNlcm5hbWUiOiJwZXJmX3Jlc2lkZW50XzA0NSIsInJvbGUiOiJSRVNJREVOVCIsImlhdCI6MTc4OTQ0MjM4NCwiZXhwIjoxNzg5NDQ5NTg0fQ.Yll-rlmkuu_MR7qFkxr3msH-Yph-b6tcWcCf85CFV1dygaxFVPPYRuxxd-dQiL9W
perf_resident_046,eyJhbGciOiJIUzM4NCJ9.eyJqdGkiOiI3ZjJiMWNhNDFmYmQ0YTE2OTg2MjhhMzYxNjJkYTZkZiIsInN1YiI6IjExNSIsInVzZXJuYW1lIjoicGVyZl9yZXNpZGVudF8wNDYiLCJyb2xlIjoiUkVTSURFTlQiLCJpYXQiOjE3ODk0NDIzODQsImV4cCI6MTc4OTQ0OTU4NH0.kdrraEbtZNHv0IVP0Q3m5h6lzY8OADZDbKIFwqiZogmFCZk6u7RbtUFQFi6xxmkV
perf_resident_047,eyJhbGciOiJIUzM4NCJ9.eyJqdGkiOiJjZTEzZDRlNWEzZTE0MGE5YTE5OWQyNDM5YTVmZDY1NiIsInN1YiI6IjEzNSIsInVzZXJuYW1lIjoicGVyZl9yZXNpZGVudF8wNDciLCJyb2xlIjoiUkVTSURFTlQiLCJpYXQiOjE3ODk0NDIzODQsImV4cCI6MTc4OTQ0OTU4NH0.o7RBmC7U0dUvtAi38daDO91PaRNR57X3zGmBAvWH88dHkLjzfNpVbyWbEo0rpncR
perf_resident_048,eyJhbGciOiJIUzM4NCJ9.eyJqdGkiOiI2ZjFhMGMxZjE0YTM0ZTg1OTIxOGEwYjI3ZjU4YWNiNyIsInN1YiI6IjE1NSIsInVzZXJuYW1lIjoicGVyZl9yZXNpZGVudF8wNDgiLCJyb2xlIjoiUkVTSURFTlQiLCJpYXQiOjE3ODk0NDIzODQsImV4cCI6MTc4OTQ0OTU4NH0.tAPmLmCGniWijNYbkLTSITyaguhlSL2hrIXUTeB7_bpjn2r9frtRD1MSsTP4xPtL
perf_resident_049,eyJhbGciOiJIUzM4NCJ9.eyJqdGkiOiIxYTFhMWY4ZjA0Y2I0MDM0YTFjOWJkYjBhYWM0NzI0OSIsInN1YiI6IjE3NSIsInVzZXJuYW1lIjoicGVyZl9yZXNpZGVudF8wNDkiLCJyb2xlIjoiUkVTSURFTlQiLCJpYXQiOjE3ODk0NDIzODQsImV4cCI6MTc4OTQ0OTU4NH0.Gn-86cTPExNxKtJj53GGGbCZRGzY4XAkDJqOQFv4SxX-HHdXjmWkaerdUL2tOmqV
perf_resident_050,eyJhbGciOiJIUzM4NCJ9.eyJqdGkiOiJmZDcwOTdkYzczNjc0NWNkYmQ2NDYzNzU1NzNkNjY4NCIsInN1YiI6IjE5NSIsInVzZXJuYW1lIjoicGVyZl9yZXNpZGVudF8wNTAiLCJyb2xlIjoiUkVTSURFTlQiLCJpYXQiOjE3ODk0NDIzODQsImV4cCI6MTc4OTQ0OTU4NH0.R-uPL2SvG04u6XQ_QMsW-uvIOZK2Y5eo-XPFEyBAMLOtWoWArqj4Xe1dQ-Aryr0M
perf_resident_051,eyJhbGciOiJIUzM4NCJ9.eyJqdGkiOiJiNmZkZjE2N2IxOTQ0NzEzOWMxYTM3Y2QzZDE4Y2UxNCIsInN1YiI6IjEzIiwidXNlcm5hbWUiOiJwZXJmX3Jlc2lkZW50XzA1MSIsInJvbGUiOiJSRVNJREVOVCIsImlhdCI6MTc4OTQ0MjM4NSwiZXhwIjoxNzg5NDQ5NTg1fQ.oju2zWVkEeVeevzc0ptpn-MTGiQ8TOZY8uNGEB7yClfsKu877LgUiq9OL8Wl1MZG
perf_resident_052,eyJhbGciOiJIUzM4NCJ9.eyJqdGkiOiI3NDcxNDM0ZGFjNTA0YTAxYmZlNjI1Y2FiNWZhNzI1YSIsInN1YiI6IjMzIiwidXNlcm5hbWUiOiJwZXJmX3Jlc2lkZW50XzA1MiIsInJvbGUiOiJSRVNJREVOVCIsImlhdCI6MTc4OTQ0MjM4NSwiZXhwIjoxNzg5NDQ5NTg1fQ.ptR2X0gu3nU31IHGQhC7EaONXcqnzP8_yKWWi517zxVZiR1GXUSgo7hr2sT2Jy0U
perf_resident_053,eyJhbGciOiJIUzM4NCJ9.eyJqdGkiOiIzMzU3Y2U4NDE4ZmY0ZDY0OWM0MTExMTUyMTIzNjU3MSIsInN1YiI6IjUzIiwidXNlcm5hbWUiOiJwZXJmX3Jlc2lkZW50XzA1MyIsInJvbGUiOiJSRVNJREVOVCIsImlhdCI6MTc4OTQ0MjM4NSwiZXhwIjoxNzg5NDQ5NTg1fQ.gU84ssXTsk2dJRxlbE2OrZIXqAbNjGsrvsb9V8gOdmkLmWpm5v9zp_NEGK5x6zPg
perf_resident_054,eyJhbGciOiJIUzM4NCJ9.eyJqdGkiOiI0NGVhMDJhMGU4NGQ0OGM3OGQ2ZGE0YTY2M2NmYWI5NSIsInN1YiI6IjczIiwidXNlcm5hbWUiOiJwZXJmX3Jlc2lkZW50XzA1NCIsInJvbGUiOiJSRVNJREVOVCIsImlhdCI6MTc4OTQ0MjM4NSwiZXhwIjoxNzg5NDQ5NTg1fQ.Tp4iOewD9l6ufutD3OKHep_HPruP1aYcHXCyWs-tUbunn7CSLDzjS0xz1htjBgEn
perf_resident_055,eyJhbGciOiJIUzM4NCJ9.eyJqdGkiOiI3NmJkMjFhNWE4YzY0NzYyYWE1NDFiMGY5ZmE4NDA2ZSIsInN1YiI6IjkzIiwidXNlcm5hbWUiOiJwZXJmX3Jlc2lkZW50XzA1NSIsInJvbGUiOiJSRVNJREVOVCIsImlhdCI6MTc4OTQ0MjM4NSwiZXhwIjoxNzg5NDQ5NTg1fQ.S0E7GoJfaOWyeJquWUCoQh7M0WhYrYdCo4RplAIFNHuqiOQHznXO1LZRmHpiwPXp
perf_resident_056,eyJhbGciOiJIUzM4NCJ9.eyJqdGkiOiJkMWUwYzUxZWZjMWU0OTUwOTAyMGU0MTBhMGUwOWVhMiIsInN1YiI6IjExMyIsInVzZXJuYW1lIjoicGVyZl9yZXNpZGVudF8wNTYiLCJyb2xlIjoiUkVTSURFTlQiLCJpYXQiOjE3ODk0NDIzODUsImV4cCI6MTc4OTQ0OTU4NX0.w3DVupkRJ-sStrda2xupGYGjGH3B8csyAX2tdM7QOG5zmEzaNtyH9KzQ09PAbHky
perf_resident_057,eyJhbGciOiJIUzM4NCJ9.eyJqdGkiOiI5MDFlMDBlMjdlYWU0MzI4YTY0NWJiMmZkOTMyYzIyNyIsInN1YiI6IjEzMyIsInVzZXJuYW1lIjoicGVyZl9yZXNpZGVudF8wNTciLCJyb2xlIjoiUkVTSURFTlQiLCJpYXQiOjE3ODk0NDIzODUsImV4cCI6MTc4OTQ0OTU4NX0.Qk_8S1G6nwW7neYA6EmyqACux1ncJp1JNQqRSe1fRo23hUtxa5kNG-3a9vjdtV5M
perf_resident_058,eyJhbGciOiJIUzM4NCJ9.eyJqdGkiOiI5ZTliYmQ4ZTY3MGE0ZGQ4YTk4ZTg3ODk2N2M4YjE5ZCIsInN1YiI6IjE1MyIsInVzZXJuYW1lIjoicGVyZl9yZXNpZGVudF8wNTgiLCJyb2xlIjoiUkVTSURFTlQiLCJpYXQiOjE3ODk0NDIzODUsImV4cCI6MTc4OTQ0OTU4NX0.mrd3e58XHv5R7Myn4_r3HYxrLO7-s5pO3DsNaKdQAx888azdSk5W2yO8l4irbQcb
perf_resident_059,eyJhbGciOiJIUzM4NCJ9.eyJqdGkiOiI4MDFhNDgxNzMxYjQ0OWMwYmQxMjNjZjY4YjY0MTY4NiIsInN1YiI6IjE3MyIsInVzZXJuYW1lIjoicGVyZl9yZXNpZGVudF8wNTkiLCJyb2xlIjoiUkVTSURFTlQiLCJpYXQiOjE3ODk0NDIzODUsImV4cCI6MTc4OTQ0OTU4NX0.SbyMCx_HlGY9Onlcs3YDrOMABc7qENkR4pUkcKCWRSa5FDPRUALEB6KNcLea8TsJ
perf_resident_060,eyJhbGciOiJIUzM4NCJ9.eyJqdGkiOiJjNzYyOTIxMjk3ZWY0MGRhODg0YTA1Y2UwOWI3YjgzNSIsInN1YiI6IjE5MyIsInVzZXJuYW1lIjoicGVyZl9yZXNpZGVudF8wNjAiLCJyb2xlIjoiUkVTSURFTlQiLCJpYXQiOjE3ODk0NDIzODUsImV4cCI6MTc4OTQ0OTU4NX0.N4w6Gk4WOo4ku6vTXZA3qeWZT247TIekdxzh9Vcj3LjoeePP75dx0ueHIRWok988
perf_resident_061,eyJhbGciOiJIUzM4NCJ9.eyJqdGkiOiIyYTdmZmJkOTVlOWY0ZTU0OTYzYTEwZGQ0NzdjMWYxMyIsInN1YiI6IjExIiwidXNlcm5hbWUiOiJwZXJmX3Jlc2lkZW50XzA2MSIsInJvbGUiOiJSRVNJREVOVCIsImlhdCI6MTc4OTQ0MjM4NSwiZXhwIjoxNzg5NDQ5NTg1fQ.uoftAZ8L0FonnZ4NRo4wQIL2s0U5HUvORAF_8VRSCrsW82IYEGqKyu5LRZgCZl66
perf_resident_062,eyJhbGciOiJIUzM4NCJ9.eyJqdGkiOiJhODE2NWRhMGVmNTg0ZDgzYWM4M2RlNTg0OTJlMWE4YiIsInN1YiI6IjMxIiwidXNlcm5hbWUiOiJwZXJmX3Jlc2lkZW50XzA2MiIsInJvbGUiOiJSRVNJREVOVCIsImlhdCI6MTc4OTQ0MjM4NSwiZXhwIjoxNzg5NDQ5NTg1fQ.R4oOA6prjcpWbU1gTYQ5M_S_MjQ2DAlTNADoY_g2rdUHHeWkrQqZywhaAbrIhxYj
perf_resident_063,eyJhbGciOiJIUzM4NCJ9.eyJqdGkiOiI3YWRkZDdhZDYyZTc0YTNjYjBhYjhhYWVlNzZjNjQ1ZCIsInN1YiI6IjUxIiwidXNlcm5hbWUiOiJwZXJmX3Jlc2lkZW50XzA2MyIsInJvbGUiOiJSRVNJREVOVCIsImlhdCI6MTc4OTQ0MjM4NSwiZXhwIjoxNzg5NDQ5NTg1fQ.QOU90iH-wDVRYN-zRW6tiUtg9s1KP350CFpkoW6hFyUPYqQK04oxIiRd_nCg7NvS
perf_resident_064,eyJhbGciOiJIUzM4NCJ9.eyJqdGkiOiIwNmNjNzcxYzUwYjk0OWM2YjI0OTk5ZGQzOGJiZTNiNCIsInN1YiI6IjcxIiwidXNlcm5hbWUiOiJwZXJmX3Jlc2lkZW50XzA2NCIsInJvbGUiOiJSRVNJREVOVCIsImlhdCI6MTc4OTQ0MjM4NSwiZXhwIjoxNzg5NDQ5NTg1fQ.v6KVSd28JJ8bjKUjZoTFjNecUMNf4fAqhrHHfDFBzUL5Q2XhaMNkMJRR1B7RUf0z
perf_resident_065,eyJhbGciOiJIUzM4NCJ9.eyJqdGkiOiI2ZTRiYjRlN2Y1Mzk0YjMwODdkYWViMWE1ZGE4OWVmNyIsInN1YiI6IjkxIiwidXNlcm5hbWUiOiJwZXJmX3Jlc2lkZW50XzA2NSIsInJvbGUiOiJSRVNJREVOVCIsImlhdCI6MTc4OTQ0MjM4NiwiZXhwIjoxNzg5NDQ5NTg2fQ.JW5F4jM6e2CObXoJbHGHcz67SQk8fB5U8eu1viWDuXb72U2nVzmu1cvHMHRQsrkP
perf_resident_066,eyJhbGciOiJIUzM4NCJ9.eyJqdGkiOiJjNzFkYjdkZGZhZWE0Y2NiOTRjNmVhMDg1NjYzYjgwOSIsInN1YiI6IjExMSIsInVzZXJuYW1lIjoicGVyZl9yZXNpZGVudF8wNjYiLCJyb2xlIjoiUkVTSURFTlQiLCJpYXQiOjE3ODk0NDIzODYsImV4cCI6MTc4OTQ0OTU4Nn0.g6piRPItnFNqksRCu0fdBWun470EO79l4PzBt3oNvV6qHNYcdo-5EfbaDDp4_Gf2
perf_resident_067,eyJhbGciOiJIUzM4NCJ9.eyJqdGkiOiJiNmM4MTI1OTM5MzA0YzhiODI0NDAxODVkZWQxZDQxZiIsInN1YiI6IjEzMSIsInVzZXJuYW1lIjoicGVyZl9yZXNpZGVudF8wNjciLCJyb2xlIjoiUkVTSURFTlQiLCJpYXQiOjE3ODk0NDIzODYsImV4cCI6MTc4OTQ0OTU4Nn0.P1iRoaDmr_D0lgqqKwF8qNrBOaVb8EWIcW1Om0hIeInOKfVV2X9QjtA2xy0Umcfr
perf_resident_068,eyJhbGciOiJIUzM4NCJ9.eyJqdGkiOiI3NmJkNjIxN2ZjY2I0ZmNmYmYxNGNlYWMyYjU4MDVmYSIsInN1YiI6IjE1MSIsInVzZXJuYW1lIjoicGVyZl9yZXNpZGVudF8wNjgiLCJyb2xlIjoiUkVTSURFTlQiLCJpYXQiOjE3ODk0NDIzODYsImV4cCI6MTc4OTQ0OTU4Nn0.6IKNoq0ylCkD10zX5RsgrIeBgk-Y1IraE30Y3HnzJto2U2tzXHjXONwNxBYG2gsT
perf_resident_069,eyJhbGciOiJIUzM4NCJ9.eyJqdGkiOiIxZjI0M2M5YmM2YmQ0ZmIyODEwZTk2NzUwMmE2ZDQwMCIsInN1YiI6IjE3MSIsInVzZXJuYW1lIjoicGVyZl9yZXNpZGVudF8wNjkiLCJyb2xlIjoiUkVTSURFTlQiLCJpYXQiOjE3ODk0NDIzODYsImV4cCI6MTc4OTQ0OTU4Nn0.Qd0i5qIYpf62qkFtDSMcqhFNBZlc0_pvqbTFLwvoEl05NrTUH63ipCDvRevt-_G7
perf_resident_070,eyJhbGciOiJIUzM4NCJ9.eyJqdGkiOiJkYWNkYmEyYzBlMGQ0NDAxODBiOTU3YTNmY2U2ZjU2YSIsInN1YiI6IjE5MSIsInVzZXJuYW1lIjoicGVyZl9yZXNpZGVudF8wNzAiLCJyb2xlIjoiUkVTSURFTlQiLCJpYXQiOjE3ODk0NDIzODYsImV4cCI6MTc4OTQ0OTU4Nn0.CsCDrez9L0Si195craLikejlPdEIxeYPqCq_HvciHLFy5ymUK9iLgCDUeqwu-V-T
perf_resident_071,eyJhbGciOiJIUzM4NCJ9.eyJqdGkiOiJjNGIxMDc4ZDMxY2I0ZTM0OTBmZWQ4MDVhOWU1ZjlhZCIsInN1YiI6IjkiLCJ1c2VybmFtZSI6InBlcmZfcmVzaWRlbnRfMDcxIiwicm9sZSI6IlJFU0lERU5UIiwiaWF0IjoxNzg5NDQyMzg2LCJleHAiOjE3ODk0NDk1ODZ9.yIbJ6pQJXxGY_xnPSZ3A2DbwvKSdVzYm16uIUDJpDOs5Ps_k9tM8pzr44K4pN4td
perf_resident_072,eyJhbGciOiJIUzM4NCJ9.eyJqdGkiOiJiNjdmNWVmZDBjZjc0ODJiODY0YTA0ZTk3MzVjZjMxNyIsInN1YiI6IjI5IiwidXNlcm5hbWUiOiJwZXJmX3Jlc2lkZW50XzA3MiIsInJvbGUiOiJSRVNJREVOVCIsImlhdCI6MTc4OTQ0MjM4NiwiZXhwIjoxNzg5NDQ5NTg2fQ.4MhA03FPoCESzaqszJyBzsMlVPda5XMCwjJ4_pWGQ6HCyE7dzaUiECTHjdfX34_C
perf_resident_073,eyJhbGciOiJIUzM4NCJ9.eyJqdGkiOiJlNzk4NmM1MjlhZDc0OGFhODIyMGZhYTE2NGM3MzdhOCIsInN1YiI6IjQ5IiwidXNlcm5hbWUiOiJwZXJmX3Jlc2lkZW50XzA3MyIsInJvbGUiOiJSRVNJREVOVCIsImlhdCI6MTc4OTQ0MjM4NiwiZXhwIjoxNzg5NDQ5NTg2fQ.VRTjcOafcV_5xbMzlNt29ihnbR1GNHCPOY3k08qdv8sVsSdzv6-UQNFHdMlzo2B7
perf_resident_074,eyJhbGciOiJIUzM4NCJ9.eyJqdGkiOiIyNDkwZGEyYzA1OWU0ZDg0ODU5YzdhMzUwM2RiNTg4MyIsInN1YiI6IjY5IiwidXNlcm5hbWUiOiJwZXJmX3Jlc2lkZW50XzA3NCIsInJvbGUiOiJSRVNJREVOVCIsImlhdCI6MTc4OTQ0MjM4NiwiZXhwIjoxNzg5NDQ5NTg2fQ.AtFYwep6PGJO36W8G2nIsQRpDZ62FM4jwxvRAVo99lTL73xF5-Joc0aVxhmOt6Hj
perf_resident_075,eyJhbGciOiJIUzM4NCJ9.eyJqdGkiOiI0OTUwYjhiODE5YzE0NjQ1YTVjNzY5MzU1MTMwOWVjYiIsInN1YiI6Ijg5IiwidXNlcm5hbWUiOiJwZXJmX3Jlc2lkZW50XzA3NSIsInJvbGUiOiJSRVNJREVOVCIsImlhdCI6MTc4OTQ0MjM4NiwiZXhwIjoxNzg5NDQ5NTg2fQ.GzWfZKXC5u_cIE9n_h_E-CLpF2m5ErzpNztAPivNYgSv4vV45l8jBrHSzSVj5cYy
perf_resident_076,eyJhbGciOiJIUzM4NCJ9.eyJqdGkiOiIzOGRmZTNjNzE2ZDk0ZTRhYjA5ZjcwZjg1ZjU3Y2FiMCIsInN1YiI6IjEwOSIsInVzZXJuYW1lIjoicGVyZl9yZXNpZGVudF8wNzYiLCJyb2xlIjoiUkVTSURFTlQiLCJpYXQiOjE3ODk0NDIzODYsImV4cCI6MTc4OTQ0OTU4Nn0.LuOlvPtmAIgT6u7TJhWwmmg1YL1cefBeAvZzX0Fnofhqt975IwMyXrijkTSsSn4d
perf_resident_077,eyJhbGciOiJIUzM4NCJ9.eyJqdGkiOiI5MWE5NTFhOThkNTQ0ZTViOTIxZDFlZTVjYzE5NDAyNCIsInN1YiI6IjEyOSIsInVzZXJuYW1lIjoicGVyZl9yZXNpZGVudF8wNzciLCJyb2xlIjoiUkVTSURFTlQiLCJpYXQiOjE3ODk0NDIzODYsImV4cCI6MTc4OTQ0OTU4Nn0.ozJfUc3FszcoX7Pb1nQEV_IJgVnSy_oC_zzCosb9bbF5vcYjHdK0e8mOQhkeD1kQ
perf_resident_078,eyJhbGciOiJIUzM4NCJ9.eyJqdGkiOiI2NmQ2ZmQ3MzMzYzI0NGYwOTBlZGYzZjVmNTNjYWY3MSIsInN1YiI6IjE0OSIsInVzZXJuYW1lIjoicGVyZl9yZXNpZGVudF8wNzgiLCJyb2xlIjoiUkVTSURFTlQiLCJpYXQiOjE3ODk0NDIzODYsImV4cCI6MTc4OTQ0OTU4Nn0.99UNZ7XjS2ahBi79nACwQSwEJkJD-oBTz4ave82rhD8wOLWwdlT0cMEzPY9lyn6m
perf_resident_079,eyJhbGciOiJIUzM4NCJ9.eyJqdGkiOiJlOTQxNDExZWQ5ZDE0MjU4YjZjZGJhZDZiYzk4NTQxNSIsInN1YiI6IjE2OSIsInVzZXJuYW1lIjoicGVyZl9yZXNpZGVudF8wNzkiLCJyb2xlIjoiUkVTSURFTlQiLCJpYXQiOjE3ODk0NDIzODYsImV4cCI6MTc4OTQ0OTU4Nn0.w96na9pTOzYrLvBFua9s539Sk16wrQcLovr7bCKv-exrcOSZLCW-HkY3MFwBLBcK
perf_resident_080,eyJhbGciOiJIUzM4NCJ9.eyJqdGkiOiI0MjY5ODY1MjhkYWM0MzJkOGVlYzhjZmM3MmIwMzRlNiIsInN1YiI6IjE4OSIsInVzZXJuYW1lIjoicGVyZl9yZXNpZGVudF8wODAiLCJyb2xlIjoiUkVTSURFTlQiLCJpYXQiOjE3ODk0NDIzODcsImV4cCI6MTc4OTQ0OTU4N30.Gi1_Qzexoq8a8INaY1YMM34DWVB3XUIJNyKlANlghM9VZPHk8kFowkBSQD56bBNF
perf_resident_081,eyJhbGciOiJIUzM4NCJ9.eyJqdGkiOiIxZjA4ZDBkYzE4ODI0YTM1OTJjOWFlNDEwZjFmYTE3OCIsInN1YiI6IjciLCJ1c2VybmFtZSI6InBlcmZfcmVzaWRlbnRfMDgxIiwicm9sZSI6IlJFU0lERU5UIiwiaWF0IjoxNzg5NDQyMzg3LCJleHAiOjE3ODk0NDk1ODd9.b_8bV2NkSehwsW4bzhCAAhdqhCtpYtf_oGb-RkBCTj_46k4GIOs7A9jMKQVz1QTB
perf_resident_082,eyJhbGciOiJIUzM4NCJ9.eyJqdGkiOiIwZjkwYTM0NDI1MjU0MjBjOGE4OWVjYTA0ZDdhZTkzYyIsInN1YiI6IjI3IiwidXNlcm5hbWUiOiJwZXJmX3Jlc2lkZW50XzA4MiIsInJvbGUiOiJSRVNJREVOVCIsImlhdCI6MTc4OTQ0MjM4NywiZXhwIjoxNzg5NDQ5NTg3fQ.BbIZmbxfb3mMSRqWvTCuhhCas9r77bDfEeJXo1rXahMexCs51ULhYCHZrrxPUJki
perf_resident_083,eyJhbGciOiJIUzM4NCJ9.eyJqdGkiOiJkMTZlNDE2ODg3NzI0ZGYyYThkOTg2YzM1NzhmYjNjNyIsInN1YiI6IjQ3IiwidXNlcm5hbWUiOiJwZXJmX3Jlc2lkZW50XzA4MyIsInJvbGUiOiJSRVNJREVOVCIsImlhdCI6MTc4OTQ0MjM4NywiZXhwIjoxNzg5NDQ5NTg3fQ.AkMrMobaWsn7FTQHwafNX9fDo_oZyMXTwyvU0QN4HCRwpWJxQBIv8p9jD5kspKL5
perf_resident_084,eyJhbGciOiJIUzM4NCJ9.eyJqdGkiOiJiOWNiODU3MmU3Nzk0YzVkOTY5YTFlOWFiNWNiMDQ2ZiIsInN1YiI6IjY3IiwidXNlcm5hbWUiOiJwZXJmX3Jlc2lkZW50XzA4NCIsInJvbGUiOiJSRVNJREVOVCIsImlhdCI6MTc4OTQ0MjM4NywiZXhwIjoxNzg5NDQ5NTg3fQ.Cvy72IrlVnowLUFK7Zv6XNXTffDcf27MsviMTaysekU4242grT_NG4P-N0uz-J06
perf_resident_085,eyJhbGciOiJIUzM4NCJ9.eyJqdGkiOiIzOWI5MzNhZDY3MzA0YWM5YTJlZjgzMjhkMGU3NWNkNCIsInN1YiI6Ijg3IiwidXNlcm5hbWUiOiJwZXJmX3Jlc2lkZW50XzA4NSIsInJvbGUiOiJSRVNJREVOVCIsImlhdCI6MTc4OTQ0MjM4NywiZXhwIjoxNzg5NDQ5NTg3fQ.OmWNTWpdopM5iY0RZ1yXK_Q8g-OmI7j-TeCN5FUMpbV-1yPCRmm_2AkE0svIb1-Q
perf_resident_086,eyJhbGciOiJIUzM4NCJ9.eyJqdGkiOiI3OGIyYjhkMWY1YmU0ODE2YTAwNmYwODQ0Zjk5NjhmZSIsInN1YiI6IjEwNyIsInVzZXJuYW1lIjoicGVyZl9yZXNpZGVudF8wODYiLCJyb2xlIjoiUkVTSURFTlQiLCJpYXQiOjE3ODk0NDIzODcsImV4cCI6MTc4OTQ0OTU4N30.7tUd3kSk3YFIvRAdS3iB1hvujBSU0OjgeEZitc8N4O57lv1UQIwaai8CTBU8ZZrv
perf_resident_087,eyJhbGciOiJIUzM4NCJ9.eyJqdGkiOiI2ZWM4MWE2ZTVhMjk0MTM3ODdlNWE2Njk2OWMwZWQ1YyIsInN1YiI6IjEyNyIsInVzZXJuYW1lIjoicGVyZl9yZXNpZGVudF8wODciLCJyb2xlIjoiUkVTSURFTlQiLCJpYXQiOjE3ODk0NDIzODcsImV4cCI6MTc4OTQ0OTU4N30.TpTudwGU84keMtEO1sftHJesd3kTH4CL01Q64vBk_uDts_JL9UiMQ_6fn41Wk7Lp
perf_resident_088,eyJhbGciOiJIUzM4NCJ9.eyJqdGkiOiIwYzFlZTExYTUzNGM0ODdkODU1Y2NiMmQxNWVhY2Y3OSIsInN1YiI6IjE0NyIsInVzZXJuYW1lIjoicGVyZl9yZXNpZGVudF8wODgiLCJyb2xlIjoiUkVTSURFTlQiLCJpYXQiOjE3ODk0NDIzODcsImV4cCI6MTc4OTQ0OTU4N30.NFkHL-4r2gOIdacz77bPGTD9JrcQ6eti1Ro_kkoooV2VrmG9Hm7UQX26l24PQa-Z
perf_resident_089,eyJhbGciOiJIUzM4NCJ9.eyJqdGkiOiI3M2IxODIwMGRjMTY0ODFmOTBlNTRiMTk5YTdlZWMzNSIsInN1YiI6IjE2NyIsInVzZXJuYW1lIjoicGVyZl9yZXNpZGVudF8wODkiLCJyb2xlIjoiUkVTSURFTlQiLCJpYXQiOjE3ODk0NDIzODcsImV4cCI6MTc4OTQ0OTU4N30.-7jD_sfRWpiC41uZKgAto2ObKHiuhUQb1WxcB52-_0bFyOw4gsrulzE063eQNz_1
perf_resident_090,eyJhbGciOiJIUzM4NCJ9.eyJqdGkiOiJhY2Y0NGNhNjg1ZTk0ZWU2YjM2NTE0MzZlMzBlYzNiZiIsInN1YiI6IjE4NyIsInVzZXJuYW1lIjoicGVyZl9yZXNpZGVudF8wOTAiLCJyb2xlIjoiUkVTSURFTlQiLCJpYXQiOjE3ODk0NDIzODcsImV4cCI6MTc4OTQ0OTU4N30.sUeBWRVWUasxiqOScFhH1DS0G1r-Ahj4q44TPstE_kK5scZEpZHzJ6wVRaDqZmjS
perf_resident_091,eyJhbGciOiJIUzM4NCJ9.eyJqdGkiOiIyN2NhOWIwYWI2MzU0YWE0ODc0YWEwM2EyN2EzYjI5YSIsInN1YiI6IjUiLCJ1c2VybmFtZSI6InBlcmZfcmVzaWRlbnRfMDkxIiwicm9sZSI6IlJFU0lERU5UIiwiaWF0IjoxNzg5NDQyMzg3LCJleHAiOjE3ODk0NDk1ODd9.kBX1Jd7WH3LZpTfy8RSoHidszhpIG-0oxMuv07aOd6NTrf7h9KVzGDaySvpKiMwB
perf_resident_092,eyJhbGciOiJIUzM4NCJ9.eyJqdGkiOiIwZGZiYzRhNTg2ZWY0MWEzYmE0MGJmMWQ2NzU1OGY4NSIsInN1YiI6IjI1IiwidXNlcm5hbWUiOiJwZXJmX3Jlc2lkZW50XzA5MiIsInJvbGUiOiJSRVNJREVOVCIsImlhdCI6MTc4OTQ0MjM4NywiZXhwIjoxNzg5NDQ5NTg3fQ.4nm2ZCA5wuvpT1914Jw2r-KAAt0LTjeLUOWpRUkrFIlGEWgHrFSX2YSgwC0R9Td3
perf_resident_093,eyJhbGciOiJIUzM4NCJ9.eyJqdGkiOiI2ZWQwODQyY2E3NGY0YTBlOGNiNDNlNmI5YWJkZWY5ZiIsInN1YiI6IjQ1IiwidXNlcm5hbWUiOiJwZXJmX3Jlc2lkZW50XzA5MyIsInJvbGUiOiJSRVNJREVOVCIsImlhdCI6MTc4OTQ0MjM4NywiZXhwIjoxNzg5NDQ5NTg3fQ.hndR_iuoXQ7ylw9wzgZoOVNzU3pOCe1fvWzETdsfKYkuBSSOMZyyEJJRSXLhWHdW
perf_resident_094,eyJhbGciOiJIUzM4NCJ9.eyJqdGkiOiI2ZjRlZmFlYWU3Y2Y0Y2VmOGRmMTZjMjcyMDk5ZmM2MSIsInN1YiI6IjY1IiwidXNlcm5hbWUiOiJwZXJmX3Jlc2lkZW50XzA5NCIsInJvbGUiOiJSRVNJREVOVCIsImlhdCI6MTc4OTQ0MjM4OCwiZXhwIjoxNzg5NDQ5NTg4fQ.X_5OdJhQ_8ATHNYW3p43OyRZS_YKo5OBs22bGEFymZUHFnPB4g2mujz1utge8sxq
perf_resident_095,eyJhbGciOiJIUzM4NCJ9.eyJqdGkiOiI1MjIxNWNmM2Y2Nzg0YWZiOGVlMDRiN2I1OTVlNmJiNCIsInN1YiI6Ijg1IiwidXNlcm5hbWUiOiJwZXJmX3Jlc2lkZW50XzA5NSIsInJvbGUiOiJSRVNJREVOVCIsImlhdCI6MTc4OTQ0MjM4OCwiZXhwIjoxNzg5NDQ5NTg4fQ.L_U0ZSCU-XPrXz53JZD-LxrJaTqyA0ZhTz9is0a7GDAvpRrreAwgNX7zAIDkL7sf
perf_resident_096,eyJhbGciOiJIUzM4NCJ9.eyJqdGkiOiI4ZDEzNWI3NTE2ODQ0NGM5OGY3OGJiMWRhMDEwZGFhNiIsInN1YiI6IjEwNSIsInVzZXJuYW1lIjoicGVyZl9yZXNpZGVudF8wOTYiLCJyb2xlIjoiUkVTSURFTlQiLCJpYXQiOjE3ODk0NDIzODgsImV4cCI6MTc4OTQ0OTU4OH0.phpAxGBwZkFy5O7oP7VFEH3xLnVbYWBqQk8cURcw6D7QL1i3kZqgu1tol0JFk3Ww
perf_resident_097,eyJhbGciOiJIUzM4NCJ9.eyJqdGkiOiI0MTBlN2NlNzc1ZTA0MDhiOTdlYTQxYzQ1ZjlkZGRkZCIsInN1YiI6IjEyNSIsInVzZXJuYW1lIjoicGVyZl9yZXNpZGVudF8wOTciLCJyb2xlIjoiUkVTSURFTlQiLCJpYXQiOjE3ODk0NDIzODgsImV4cCI6MTc4OTQ0OTU4OH0.T-85XOrtgDRqvMJE9FhCwSABGF58RMVqSJj8q0SmZSIYvUx5K2UNoekccZdEnWvP
perf_resident_098,eyJhbGciOiJIUzM4NCJ9.eyJqdGkiOiIzOTUzYTcxMmIwNDg0ZWY0YWY3ZGM2ODNmYzc1ZTgxOSIsInN1YiI6IjE0NSIsInVzZXJuYW1lIjoicGVyZl9yZXNpZGVudF8wOTgiLCJyb2xlIjoiUkVTSURFTlQiLCJpYXQiOjE3ODk0NDIzODgsImV4cCI6MTc4OTQ0OTU4OH0.CN1mc9922r2ryW98bOB1r8Kxne5np6xXkoxzZc2DtJexy-_ffhHk1IVlisWlScY4
perf_resident_099,eyJhbGciOiJIUzM4NCJ9.eyJqdGkiOiJmYTI5MTcyMzEzZmM0ODRiODAyNTYwNDZjMzJhZjViYSIsInN1YiI6IjE2NSIsInVzZXJuYW1lIjoicGVyZl9yZXNpZGVudF8wOTkiLCJyb2xlIjoiUkVTSURFTlQiLCJpYXQiOjE3ODk0NDIzODgsImV4cCI6MTc4OTQ0OTU4OH0.Ol2J6Z1wxo2tkjou4BYYh1aJxKvCZDMHUEXuAoGEfTcESt1yDVGnXPbgZZnFAamc
perf_resident_100,eyJhbGciOiJIUzM4NCJ9.eyJqdGkiOiJiYTYwMDhiZDczOGQ0OWIyODA5MWU3YmQ2MjYxNDI2NyIsInN1YiI6IjE4NSIsInVzZXJuYW1lIjoicGVyZl9yZXNpZGVudF8xMDAiLCJyb2xlIjoiUkVTSURFTlQiLCJpYXQiOjE3ODk0NDIzODgsImV4cCI6MTc4OTQ0OTU4OH0.udcrXZWJ44o8RitGWQ6HXB_xL5rs9Yy1cP_2Aacs5f4W3IraZDpH6KRLTiQqpLB8
perf_resident_101,eyJhbGciOiJIUzM4NCJ9.eyJqdGkiOiI1YzQ2MTY0MDEyNjI0MjlhOTY0NGZhNzBmY2Y3YzljOCIsInN1YiI6IjI0IiwidXNlcm5hbWUiOiJwZXJmX3Jlc2lkZW50XzEwMSIsInJvbGUiOiJSRVNJREVOVCIsImlhdCI6MTc4OTQ0MjM4OCwiZXhwIjoxNzg5NDQ5NTg4fQ.S148ty4XmtIDh4buqpJ2O_ZxA3blZAd9s31mMgBx_-ixY23DeMxj5fFiRDQdilVu
perf_resident_102,eyJhbGciOiJIUzM4NCJ9.eyJqdGkiOiI0M2U0ODY3MWRiNjA0N2I4OWVhZmU0MGMzZTYzYTI5NCIsInN1YiI6IjQ0IiwidXNlcm5hbWUiOiJwZXJmX3Jlc2lkZW50XzEwMiIsInJvbGUiOiJSRVNJREVOVCIsImlhdCI6MTc4OTQ0MjM4OCwiZXhwIjoxNzg5NDQ5NTg4fQ.JDtMUDkvAm1-J6aSwAGJfcFjPhmoA7gKrJvK69XZuISfvkikgkq2Xhs_URA12f22
perf_resident_103,eyJhbGciOiJIUzM4NCJ9.eyJqdGkiOiI2Yjg4NGZjZTQ4Zjc0MzhkOGYyZmVhMzRhNDlmNTRkZiIsInN1YiI6IjY0IiwidXNlcm5hbWUiOiJwZXJmX3Jlc2lkZW50XzEwMyIsInJvbGUiOiJSRVNJREVOVCIsImlhdCI6MTc4OTQ0MjM4OCwiZXhwIjoxNzg5NDQ5NTg4fQ.5sW8asQ3ikrXOBNSLirHVZNyDAN7v9hclAldI55Ay8MP9RmUrbmV-oRR-jEEibFK
perf_resident_104,eyJhbGciOiJIUzM4NCJ9.eyJqdGkiOiIxYTQ3Zjk2OWQ0MGY0ZDJkOWJhZmEyOTM0ODg1NjczNyIsInN1YiI6Ijg0IiwidXNlcm5hbWUiOiJwZXJmX3Jlc2lkZW50XzEwNCIsInJvbGUiOiJSRVNJREVOVCIsImlhdCI6MTc4OTQ0MjM4OCwiZXhwIjoxNzg5NDQ5NTg4fQ.eJnn_CZoxhJdbNpaZOGXpE_USexM8c_1btTtzCQl_10NCG_wBHiQOiXbtHxx8E0o
perf_resident_105,eyJhbGciOiJIUzM4NCJ9.eyJqdGkiOiIxMTRjN2M5MWQ0ZTM0NjI2YWNmYjZiZTI0OTIyY2RiMiIsInN1YiI6IjEwNCIsInVzZXJuYW1lIjoicGVyZl9yZXNpZGVudF8xMDUiLCJyb2xlIjoiUkVTSURFTlQiLCJpYXQiOjE3ODk0NDIzODgsImV4cCI6MTc4OTQ0OTU4OH0.R1__ZDqcxaEEiU3dHuKMUDDFyk0oBQAgxvr8rYftmspn9AreRe_4_AGvjhfPVRd2
perf_resident_106,eyJhbGciOiJIUzM4NCJ9.eyJqdGkiOiIwZGQ4ZmY4M2YwY2I0MjRhYmM5NWQwMTdkNGE0OWY0MCIsInN1YiI6IjEyNCIsInVzZXJuYW1lIjoicGVyZl9yZXNpZGVudF8xMDYiLCJyb2xlIjoiUkVTSURFTlQiLCJpYXQiOjE3ODk0NDIzODgsImV4cCI6MTc4OTQ0OTU4OH0.KQtVor4r2X1Gp1CQLI4E5zRzTMzNEaoMyINx9MxOugz3uHFGmNv92o0di7m45ZCO
perf_resident_107,eyJhbGciOiJIUzM4NCJ9.eyJqdGkiOiJmYzU5NzMzZGI1NGM0ODJhYjY1NTkyOWUzMWU4NzkwYSIsInN1YiI6IjE0NCIsInVzZXJuYW1lIjoicGVyZl9yZXNpZGVudF8xMDciLCJyb2xlIjoiUkVTSURFTlQiLCJpYXQiOjE3ODk0NDIzODgsImV4cCI6MTc4OTQ0OTU4OH0.FQSW5IlA-F1FYq0VK4_NYMBqoLXtQSN08ApQ4eH7xMDLH5WZPamsnW5WKGyamhD9
perf_resident_108,eyJhbGciOiJIUzM4NCJ9.eyJqdGkiOiIxMTE5ODJlMjI3YmE0NWYyOWM2YTZmZTA0N2Y4ZTVkYyIsInN1YiI6IjE2NCIsInVzZXJuYW1lIjoicGVyZl9yZXNpZGVudF8xMDgiLCJyb2xlIjoiUkVTSURFTlQiLCJpYXQiOjE3ODk0NDIzODgsImV4cCI6MTc4OTQ0OTU4OH0.FQCYeuqN6E0giEfCBN5-2gXex7hsREkymUfibpFRVGbafpaBbxW7kntkTw0G5pul
perf_resident_109,eyJhbGciOiJIUzM4NCJ9.eyJqdGkiOiI0MzNhYTM3YTA5ZWE0N2JjOWQzNDVlNTFiODU1ZmM5ZSIsInN1YiI6IjE4NCIsInVzZXJuYW1lIjoicGVyZl9yZXNpZGVudF8xMDkiLCJyb2xlIjoiUkVTSURFTlQiLCJpYXQiOjE3ODk0NDIzODgsImV4cCI6MTc4OTQ0OTU4OH0.1VEwoRJu7VPOpfBK3UDpKrmo5hzp47Yecj-jcyccvdaSvpohzZLaoG8tTi2mjdWe
perf_resident_110,eyJhbGciOiJIUzM4NCJ9.eyJqdGkiOiI3NWMzZTFlNGQ0NGI0NWQzYjI1NjQ4NzVjMzczNjI1YSIsInN1YiI6IjIwNCIsInVzZXJuYW1lIjoicGVyZl9yZXNpZGVudF8xMTAiLCJyb2xlIjoiUkVTSURFTlQiLCJpYXQiOjE3ODk0NDIzODksImV4cCI6MTc4OTQ0OTU4OX0.xyl7EmfMG1uN_HyXJMdo5a3sFsTHMEUjo3k1ztCfwSd7JRpupWWZXXTY2yKEDqK0
perf_resident_111,eyJhbGciOiJIUzM4NCJ9.eyJqdGkiOiJmMmE3NTcwZGYwZDI0M2QwYjNmZDQwZjA0NTdmYTU2MiIsInN1YiI6IjIyIiwidXNlcm5hbWUiOiJwZXJmX3Jlc2lkZW50XzExMSIsInJvbGUiOiJSRVNJREVOVCIsImlhdCI6MTc4OTQ0MjM4OSwiZXhwIjoxNzg5NDQ5NTg5fQ.ub4-ODqxX0u_rE_-px1TgfwRo_9AjMlYYasguICTinEv_ShD8p2x5GpiRE4f4egQ
perf_resident_112,eyJhbGciOiJIUzM4NCJ9.eyJqdGkiOiJiNDExOTAxZTAxOTM0ZWEzOWE2ZDAzZWJkYjRkZDAxNSIsInN1YiI6IjQyIiwidXNlcm5hbWUiOiJwZXJmX3Jlc2lkZW50XzExMiIsInJvbGUiOiJSRVNJREVOVCIsImlhdCI6MTc4OTQ0MjM4OSwiZXhwIjoxNzg5NDQ5NTg5fQ.fSX3fEk0pMwDmgG1ISI2Ocv6kjA9BuaDU_tRP48FShJqZYhj_TlMqYG16xQ22Te3
perf_resident_113,eyJhbGciOiJIUzM4NCJ9.eyJqdGkiOiI1YjZjMjM5MWM5NmM0Zjg1YjY3ODI5MTA2ZWE0ZDkwZCIsInN1YiI6IjYyIiwidXNlcm5hbWUiOiJwZXJmX3Jlc2lkZW50XzExMyIsInJvbGUiOiJSRVNJREVOVCIsImlhdCI6MTc4OTQ0MjM4OSwiZXhwIjoxNzg5NDQ5NTg5fQ.TAPDDIH2tsJj7-z2ZvTH8xrMv4MySJlNlFozj1oxBaUpNIijfy3NLxLFf22Q5608
perf_resident_114,eyJhbGciOiJIUzM4NCJ9.eyJqdGkiOiI4ZGRlMDM1ODZhMDY0MzBhYjQwMjJlYWJiYTdiMDRlMyIsInN1YiI6IjgyIiwidXNlcm5hbWUiOiJwZXJmX3Jlc2lkZW50XzExNCIsInJvbGUiOiJSRVNJREVOVCIsImlhdCI6MTc4OTQ0MjM4OSwiZXhwIjoxNzg5NDQ5NTg5fQ.eNdTdCLCznQbBOWmz5HlJoixR9C7nkWWaU3s468bGfcdFLZziYbQSsgmVu4dwDLR
perf_resident_115,eyJhbGciOiJIUzM4NCJ9.eyJqdGkiOiIzNWZhMzZlZDk4NDY0ZTY3YmMzMjhlYTA1ODdkNWIyYyIsInN1YiI6IjEwMiIsInVzZXJuYW1lIjoicGVyZl9yZXNpZGVudF8xMTUiLCJyb2xlIjoiUkVTSURFTlQiLCJpYXQiOjE3ODk0NDIzODksImV4cCI6MTc4OTQ0OTU4OX0.z_b7fJ_UBKLFIcaBF8EQC3XBQ7KRaiuSHBbvHjc_ZztYZzjxOMXfOxyiPMkH7DNW
perf_resident_116,eyJhbGciOiJIUzM4NCJ9.eyJqdGkiOiJlMTQzNmNmNjJiY2E0NDRlODRlZjczNjgyYmZkZGFlMCIsInN1YiI6IjEyMiIsInVzZXJuYW1lIjoicGVyZl9yZXNpZGVudF8xMTYiLCJyb2xlIjoiUkVTSURFTlQiLCJpYXQiOjE3ODk0NDIzODksImV4cCI6MTc4OTQ0OTU4OX0.qlwBogGuYNgu8_PHjdYBLORqfVAOSpm1JrW92o2Vo4vREFgediIGvVDsi-OsFxma
perf_resident_117,eyJhbGciOiJIUzM4NCJ9.eyJqdGkiOiJlMTlhZGVlZThiMDg0NTg3YWIwMjYyYjA4NGZkNDkyYiIsInN1YiI6IjE0MiIsInVzZXJuYW1lIjoicGVyZl9yZXNpZGVudF8xMTciLCJyb2xlIjoiUkVTSURFTlQiLCJpYXQiOjE3ODk0NDIzODksImV4cCI6MTc4OTQ0OTU4OX0.Dss0rJPJO84Ds_LRX6qS3plsqIQkMYD53zEK8tAtwLwJBgXYpqgXAeHE7jciuJeL
perf_resident_118,eyJhbGciOiJIUzM4NCJ9.eyJqdGkiOiJjYmY5MjAzMTRkN2I0NTc3OGEyNTJmMWZhNmZhZjA2NiIsInN1YiI6IjE2MiIsInVzZXJuYW1lIjoicGVyZl9yZXNpZGVudF8xMTgiLCJyb2xlIjoiUkVTSURFTlQiLCJpYXQiOjE3ODk0NDIzODksImV4cCI6MTc4OTQ0OTU4OX0.ctDmwXjNWE6hIu5TXwgrqMdHVBG_rLcoqK8JcGYQuMQXLF5Fi43OmNXB77r9zV7g
perf_resident_119,eyJhbGciOiJIUzM4NCJ9.eyJqdGkiOiJmNmVjMGQ5ZmZlNjM0NTY4OWRlNzgzOTIwZTRmZWIxNSIsInN1YiI6IjE4MiIsInVzZXJuYW1lIjoicGVyZl9yZXNpZGVudF8xMTkiLCJyb2xlIjoiUkVTSURFTlQiLCJpYXQiOjE3ODk0NDIzODksImV4cCI6MTc4OTQ0OTU4OX0.9z_oC2GfaM5R_FGUJQCjCFnNauOYXoqTmWIsW1OIcKg0yHFJtX7Bw0d_PwmR6yM4
perf_resident_120,eyJhbGciOiJIUzM4NCJ9.eyJqdGkiOiJkYmNjMDFkYjJjNGQ0OTQ4OTg0YzI5YjRmMzIyMTVlMiIsInN1YiI6IjIwMiIsInVzZXJuYW1lIjoicGVyZl9yZXNpZGVudF8xMjAiLCJyb2xlIjoiUkVTSURFTlQiLCJpYXQiOjE3ODk0NDIzODksImV4cCI6MTc4OTQ0OTU4OX0.-oLJ34RQJfBBe41n5-4pBlU05Zy_v_YSOacMYGbiBRtyMB64q3ekVqjfRKEq7Ehe
perf_resident_121,eyJhbGciOiJIUzM4NCJ9.eyJqdGkiOiI5NGViYTZkODU1NmU0ZDQ5OTFkMGQ3ZWY3NjI5NmNiMiIsInN1YiI6IjIwIiwidXNlcm5hbWUiOiJwZXJmX3Jlc2lkZW50XzEyMSIsInJvbGUiOiJSRVNJREVOVCIsImlhdCI6MTc4OTQ0MjM4OSwiZXhwIjoxNzg5NDQ5NTg5fQ.gEShFG1YBg5O_ea_cVPJKxtvyTzlo8IaWdF0YXjIW8vaidC0IIADy3d3ZMUM-9Em
perf_resident_122,eyJhbGciOiJIUzM4NCJ9.eyJqdGkiOiI2YjgyOGNmYTc2ZjE0YzU3YTcxNGQ1NDM0MjY0NjhjYyIsInN1YiI6IjQwIiwidXNlcm5hbWUiOiJwZXJmX3Jlc2lkZW50XzEyMiIsInJvbGUiOiJSRVNJREVOVCIsImlhdCI6MTc4OTQ0MjM4OSwiZXhwIjoxNzg5NDQ5NTg5fQ.kvcn26zV3sItiAY6EcOzf_R8NZfRSgpk0fsB5iCiNRKfAsi-mMqjvHt12nfOsPWc
perf_resident_123,eyJhbGciOiJIUzM4NCJ9.eyJqdGkiOiJkZTk4OTQ1ODZjZDM0NGNjYjI4ZWVmZDUxZDdkMGE4OSIsInN1YiI6IjYwIiwidXNlcm5hbWUiOiJwZXJmX3Jlc2lkZW50XzEyMyIsInJvbGUiOiJSRVNJREVOVCIsImlhdCI6MTc4OTQ0MjM4OSwiZXhwIjoxNzg5NDQ5NTg5fQ.KaCuPv_UDuhH7Jc3PWs3TzbYSjfByBZiOMvfQEWJkOx6oa2hruWcVfgkcL41JNr-
perf_resident_124,eyJhbGciOiJIUzM4NCJ9.eyJqdGkiOiI1ZDY1MTFlZjRiMTI0OWZhYTQ4NDQ0ZTU0YzdiMDhhOCIsInN1YiI6IjgwIiwidXNlcm5hbWUiOiJwZXJmX3Jlc2lkZW50XzEyNCIsInJvbGUiOiJSRVNJREVOVCIsImlhdCI6MTc4OTQ0MjM4OSwiZXhwIjoxNzg5NDQ5NTg5fQ._rDdUmRYwxCxVvYVcBy5MTUOG2fl8GWzNjPI01Bj3UD_uOnu10Te_1zw9pGOo7Tx
perf_resident_125,eyJhbGciOiJIUzM4NCJ9.eyJqdGkiOiJiM2Y3MTU1Yzk1NmU0YjIyOTBhODUzOWRiYzY4MTlhMyIsInN1YiI6IjEwMCIsInVzZXJuYW1lIjoicGVyZl9yZXNpZGVudF8xMjUiLCJyb2xlIjoiUkVTSURFTlQiLCJpYXQiOjE3ODk0NDIzOTAsImV4cCI6MTc4OTQ0OTU5MH0.OhCnolaHSUnzX5WchWk4YyzsHXBdT9TdLtu6SxynpgISWuM75DL53_3Jk4r-L7FW
perf_resident_126,eyJhbGciOiJIUzM4NCJ9.eyJqdGkiOiI5MDA1NzcyNWM2MjY0OWRkYTRhMGY3MGFhOWI3ODc0NiIsInN1YiI6IjEyMCIsInVzZXJuYW1lIjoicGVyZl9yZXNpZGVudF8xMjYiLCJyb2xlIjoiUkVTSURFTlQiLCJpYXQiOjE3ODk0NDIzOTAsImV4cCI6MTc4OTQ0OTU5MH0.gSjmDFytxNKPpId1_XNuLNNsUmUWV0My06v07pxNEtZUcVc4EW0wureJrluLay0c
perf_resident_127,eyJhbGciOiJIUzM4NCJ9.eyJqdGkiOiJiOTg2Y2ZkOTEyOWI0OTY2YTE4ODJmMzkyODVmZDA4MyIsInN1YiI6IjE0MCIsInVzZXJuYW1lIjoicGVyZl9yZXNpZGVudF8xMjciLCJyb2xlIjoiUkVTSURFTlQiLCJpYXQiOjE3ODk0NDIzOTAsImV4cCI6MTc4OTQ0OTU5MH0.Hsp4PxGUfQBlzMfvMHiHX5K5CS_PPXKNcxua2O5RWNhKzskaJbGjiUTgWkeaOKUm
perf_resident_128,eyJhbGciOiJIUzM4NCJ9.eyJqdGkiOiIyMDJjOGM5MjA2MTY0N2UyYjBiZDkwNWRmZTBiYjgwMCIsInN1YiI6IjE2MCIsInVzZXJuYW1lIjoicGVyZl9yZXNpZGVudF8xMjgiLCJyb2xlIjoiUkVTSURFTlQiLCJpYXQiOjE3ODk0NDIzOTAsImV4cCI6MTc4OTQ0OTU5MH0.ecFht9O1jecEdSgUQVD89j1BBUxk-wAjtUNMRr5kk4Rso72UTPi-4ZYP-OCNKK8M
perf_resident_129,eyJhbGciOiJIUzM4NCJ9.eyJqdGkiOiI4YzQwZTdiZmQ1OGM0NTQ2YTcwNDJiNjY5MmM3YjMyOCIsInN1YiI6IjE4MCIsInVzZXJuYW1lIjoicGVyZl9yZXNpZGVudF8xMjkiLCJyb2xlIjoiUkVTSURFTlQiLCJpYXQiOjE3ODk0NDIzOTAsImV4cCI6MTc4OTQ0OTU5MH0.p6UL0R-A5WHvW7TWACAPrYCLa0s4TuvtMmOMFuVGRY5DON-bz2-6CsC9WpvGahfp
perf_resident_130,eyJhbGciOiJIUzM4NCJ9.eyJqdGkiOiJjZTAwYmNhOTZkYmM0MGI1YTQ0ZmQ1ZGUyM2U1ZDdlNyIsInN1YiI6IjIwMCIsInVzZXJuYW1lIjoicGVyZl9yZXNpZGVudF8xMzAiLCJyb2xlIjoiUkVTSURFTlQiLCJpYXQiOjE3ODk0NDIzOTAsImV4cCI6MTc4OTQ0OTU5MH0.7soBCTPOk_eikigpuvQ3IE1-yEUSEfdjqLGRL9oWeIu6WhT_FWafQbCG_1vruQlf
perf_resident_131,eyJhbGciOiJIUzM4NCJ9.eyJqdGkiOiJmMzQxYTFkOGVlZGI0Y2RmODA5YjIxZTVkZTIxNTQyMiIsInN1YiI6IjE4IiwidXNlcm5hbWUiOiJwZXJmX3Jlc2lkZW50XzEzMSIsInJvbGUiOiJSRVNJREVOVCIsImlhdCI6MTc4OTQ0MjM5MCwiZXhwIjoxNzg5NDQ5NTkwfQ.O1QqhrVPRysozqWsnV40_4duxTubZzqNxm1F7G7yiECJKi9iNP1lGZV9evKYS0Us
perf_resident_132,eyJhbGciOiJIUzM4NCJ9.eyJqdGkiOiIwYWQ3OTZhN2FiZGM0MzdhODM4OWFiNGI2ZTRlYTFhYyIsInN1YiI6IjM4IiwidXNlcm5hbWUiOiJwZXJmX3Jlc2lkZW50XzEzMiIsInJvbGUiOiJSRVNJREVOVCIsImlhdCI6MTc4OTQ0MjM5MCwiZXhwIjoxNzg5NDQ5NTkwfQ.4wDFhVJBRqEGixSAJrLwVTThPOoukSLD5qMi7VP85ImJGPosU1z-DrLhNnNPjlH-
perf_resident_133,eyJhbGciOiJIUzM4NCJ9.eyJqdGkiOiJlN2U2MDZiOTNhYWY0NDM2OWVmMDI1MjJhMzFkNDg3YSIsInN1YiI6IjU4IiwidXNlcm5hbWUiOiJwZXJmX3Jlc2lkZW50XzEzMyIsInJvbGUiOiJSRVNJREVOVCIsImlhdCI6MTc4OTQ0MjM5MCwiZXhwIjoxNzg5NDQ5NTkwfQ.TlDNaflXjCYyCAl1dQIuNX7fZENzbfNGEIVN_5-vkEd_0e6KEZyvPFJtrNyys8b9
perf_resident_134,eyJhbGciOiJIUzM4NCJ9.eyJqdGkiOiJjMmJkZTZlZjI5MmU0OTBiYTYyZjY5ZDY5ZWRhZjJlZiIsInN1YiI6Ijc4IiwidXNlcm5hbWUiOiJwZXJmX3Jlc2lkZW50XzEzNCIsInJvbGUiOiJSRVNJREVOVCIsImlhdCI6MTc4OTQ0MjM5MCwiZXhwIjoxNzg5NDQ5NTkwfQ.lQPEnkh4fkTIChEFIRbNElZuxLSht-mdmVWYRCp-wXKChmLIpNtU27Poj6zxeMBu
perf_resident_135,eyJhbGciOiJIUzM4NCJ9.eyJqdGkiOiIzZmJmYWIzNjE2NWY0N2UxYjVlOTc5ZmE5MWJhYzEwNCIsInN1YiI6Ijk4IiwidXNlcm5hbWUiOiJwZXJmX3Jlc2lkZW50XzEzNSIsInJvbGUiOiJSRVNJREVOVCIsImlhdCI6MTc4OTQ0MjM5MCwiZXhwIjoxNzg5NDQ5NTkwfQ.64mi30dbSpZA9SHoNykeUGoKO9gQ6dS5XOAyVzZj0De--gbd4kWXH8idymCMonjG
perf_resident_136,eyJhbGciOiJIUzM4NCJ9.eyJqdGkiOiI1OTk3OGRmOGRlYTM0ZTBkOTU2MGEwZjliMWZiMGZmOCIsInN1YiI6IjExOCIsInVzZXJuYW1lIjoicGVyZl9yZXNpZGVudF8xMzYiLCJyb2xlIjoiUkVTSURFTlQiLCJpYXQiOjE3ODk0NDIzOTAsImV4cCI6MTc4OTQ0OTU5MH0.d0szGa0g2ur6qMDy_rodWz63CTcFx02o9Cp3bcxPt10DrJJMEJtkbVBTPUD_YOoC
perf_resident_137,eyJhbGciOiJIUzM4NCJ9.eyJqdGkiOiI0NmM1ZDZiMGQzOGE0YTNjYTA0MmE0ZDY1MjYyMWY2OSIsInN1YiI6IjEzOCIsInVzZXJuYW1lIjoicGVyZl9yZXNpZGVudF8xMzciLCJyb2xlIjoiUkVTSURFTlQiLCJpYXQiOjE3ODk0NDIzOTAsImV4cCI6MTc4OTQ0OTU5MH0.gqfPVrrxN_reGRDF0yPAaNkVjbFDbqb_AIA7j8XHjAz89Ca8soU1aCXfkRifJ0QK
perf_resident_138,eyJhbGciOiJIUzM4NCJ9.eyJqdGkiOiJmODM1NTQyNzYxZWM0OWZjYjhkNzM3OWFkZWJlOTQ1ZiIsInN1YiI6IjE1OCIsInVzZXJuYW1lIjoicGVyZl9yZXNpZGVudF8xMzgiLCJyb2xlIjoiUkVTSURFTlQiLCJpYXQiOjE3ODk0NDIzOTAsImV4cCI6MTc4OTQ0OTU5MH0.EMESKBaT7M5xFMKHUDKA2z3HxLlkU71eRkkBRSuxaXtitON4h1KtcfvK0XsYhubo
perf_resident_139,eyJhbGciOiJIUzM4NCJ9.eyJqdGkiOiI4NGVmOTk2NTM3ZDk0ZDAyOWY4ZGRmYjRmYzQwZjVmNCIsInN1YiI6IjE3OCIsInVzZXJuYW1lIjoicGVyZl9yZXNpZGVudF8xMzkiLCJyb2xlIjoiUkVTSURFTlQiLCJpYXQiOjE3ODk0NDIzOTAsImV4cCI6MTc4OTQ0OTU5MH0.ub17SFF6xXJCFXRvZgkJAsNcLa72by4aQFVx4r0dxis-P4zmR7bZyaWh0ys9FWdH
perf_resident_140,eyJhbGciOiJIUzM4NCJ9.eyJqdGkiOiI4ZWQxNzNiNWZlOTc0NzA3OGFjZWNjYTU1ODNmN2JiNSIsInN1YiI6IjE5OCIsInVzZXJuYW1lIjoicGVyZl9yZXNpZGVudF8xNDAiLCJyb2xlIjoiUkVTSURFTlQiLCJpYXQiOjE3ODk0NDIzOTEsImV4cCI6MTc4OTQ0OTU5MX0.68wEYh9JKO5HkJNIms14SptsXnjIRc1HMpcFGZjx_Cp2nBwqaONXl3pn7vB3O1iP
perf_resident_141,eyJhbGciOiJIUzM4NCJ9.eyJqdGkiOiJiNTdmZjc5N2E4ZjA0N2ZiYmZkZTBiMGZmNzY2NjM0NiIsInN1YiI6IjE2IiwidXNlcm5hbWUiOiJwZXJmX3Jlc2lkZW50XzE0MSIsInJvbGUiOiJSRVNJREVOVCIsImlhdCI6MTc4OTQ0MjM5MSwiZXhwIjoxNzg5NDQ5NTkxfQ.TeRcv4SlNsDxMGZ1hypPes-NIEnnVAsz_sAHTizwUegS6zVtvIluBD6V6Le3VkGh
perf_resident_142,eyJhbGciOiJIUzM4NCJ9.eyJqdGkiOiI0OTQ5YmRjNmU1ZGQ0OTA2ODJlNGYzNjVjNzk3ZWQyZiIsInN1YiI6IjM2IiwidXNlcm5hbWUiOiJwZXJmX3Jlc2lkZW50XzE0MiIsInJvbGUiOiJSRVNJREVOVCIsImlhdCI6MTc4OTQ0MjM5MSwiZXhwIjoxNzg5NDQ5NTkxfQ.YF566SMHiTM6_bFUPucNwL0q3JLhKINBA5612Z7o7jIxkN1F7oeejr1_AFlDHTv1
perf_resident_143,eyJhbGciOiJIUzM4NCJ9.eyJqdGkiOiJjMzRjZmRlZTBjYzM0ZjU4OWNiNTQzYmJjMDdlYmMxYSIsInN1YiI6IjU2IiwidXNlcm5hbWUiOiJwZXJmX3Jlc2lkZW50XzE0MyIsInJvbGUiOiJSRVNJREVOVCIsImlhdCI6MTc4OTQ0MjM5MSwiZXhwIjoxNzg5NDQ5NTkxfQ.fEU1Z5eFLUfwq0AVhtMMMwJIM3Fnf0S1BcKgFrg5TuW8YqyC47pfGKwH6Nq2v8t6
perf_resident_144,eyJhbGciOiJIUzM4NCJ9.eyJqdGkiOiIxOWFiMzI5ZmNhOTI0NTgxOWNiNTY5YTMwN2U2MmU5MyIsInN1YiI6Ijc2IiwidXNlcm5hbWUiOiJwZXJmX3Jlc2lkZW50XzE0NCIsInJvbGUiOiJSRVNJREVOVCIsImlhdCI6MTc4OTQ0MjM5MSwiZXhwIjoxNzg5NDQ5NTkxfQ.kXQ_iIJL-FhS0mOxCiLblIC6Z_YTuFmeS_-YMpfcvY4cX685GMwoSmUOAaEY_Pzg
perf_resident_145,eyJhbGciOiJIUzM4NCJ9.eyJqdGkiOiI2NzE3ZDc1OWU0OTA0ZmE5OWRmODYyNWMxZmQ3NDBiNiIsInN1YiI6Ijk2IiwidXNlcm5hbWUiOiJwZXJmX3Jlc2lkZW50XzE0NSIsInJvbGUiOiJSRVNJREVOVCIsImlhdCI6MTc4OTQ0MjM5MSwiZXhwIjoxNzg5NDQ5NTkxfQ.rx4qRq8WWcqo_ODrAKLf_VFvnnvi7ljNiP-QYz35oKdOTgyftNvoPPldtJSOuS8o
perf_resident_146,eyJhbGciOiJIUzM4NCJ9.eyJqdGkiOiJjZGVlNDllNTVkMGU0ZTA1YmIyYTFjOWVjYTY0MzkyNSIsInN1YiI6IjExNiIsInVzZXJuYW1lIjoicGVyZl9yZXNpZGVudF8xNDYiLCJyb2xlIjoiUkVTSURFTlQiLCJpYXQiOjE3ODk0NDIzOTEsImV4cCI6MTc4OTQ0OTU5MX0.a3cZB8rB200b3siTNQhClqrT5wMBFhoMiObX6mV09pMUlXUvvz28xNHxkWS2q5jF
perf_resident_147,eyJhbGciOiJIUzM4NCJ9.eyJqdGkiOiI2ZDY1MjhhYWQ3MzU0YWZlYWYxOWZiOWNiN2JlYjMzZCIsInN1YiI6IjEzNiIsInVzZXJuYW1lIjoicGVyZl9yZXNpZGVudF8xNDciLCJyb2xlIjoiUkVTSURFTlQiLCJpYXQiOjE3ODk0NDIzOTEsImV4cCI6MTc4OTQ0OTU5MX0.68RCigpVsrEfEMKtJUD3BMiBCQrKxhU6ODaCQiNe6n7f8wFdNQ9YZeZx8KT_wnSQ
perf_resident_148,eyJhbGciOiJIUzM4NCJ9.eyJqdGkiOiI2MjA3YzAwOGRkYjM0YTI0ODUyNThhMDJmZWRiODlhYiIsInN1YiI6IjE1NiIsInVzZXJuYW1lIjoicGVyZl9yZXNpZGVudF8xNDgiLCJyb2xlIjoiUkVTSURFTlQiLCJpYXQiOjE3ODk0NDIzOTEsImV4cCI6MTc4OTQ0OTU5MX0.4ogqf8KwzHeS2uE_988j-5uWqEvmeEj0WNTZbsCA3NzGAjGleVDIeOoXvYM7QTst
perf_resident_149,eyJhbGciOiJIUzM4NCJ9.eyJqdGkiOiIyMWU1OWI1MzZiMWY0ZWEyYjA3ZDZmZjc0YTI4N2MyOCIsInN1YiI6IjE3NiIsInVzZXJuYW1lIjoicGVyZl9yZXNpZGVudF8xNDkiLCJyb2xlIjoiUkVTSURFTlQiLCJpYXQiOjE3ODk0NDIzOTEsImV4cCI6MTc4OTQ0OTU5MX0.qjKwL-zqWoGajt0bTfQbNwIu5E3kHpgTxqv4BkukJcLyfUYBdISwddYxXt51qR79
perf_resident_150,eyJhbGciOiJIUzM4NCJ9.eyJqdGkiOiJjMTQxNjFkMTZmNTQ0ZjI2OWNlZTRhYzVkOGE3NDVlMyIsInN1YiI6IjE5NiIsInVzZXJuYW1lIjoicGVyZl9yZXNpZGVudF8xNTAiLCJyb2xlIjoiUkVTSURFTlQiLCJpYXQiOjE3ODk0NDIzOTEsImV4cCI6MTc4OTQ0OTU5MX0.6WS2A_YI0_ealJu_KkelhnpXgAfz6ft2driV3H6NUitWt-zeHfOYKAzrs4ezUPpC
perf_resident_151,eyJhbGciOiJIUzM4NCJ9.eyJqdGkiOiJmZTA2NDNjMDM3YjM0NDdhOTkyN2FlNjJlYmMzZDQ1YiIsInN1YiI6IjE0IiwidXNlcm5hbWUiOiJwZXJmX3Jlc2lkZW50XzE1MSIsInJvbGUiOiJSRVNJREVOVCIsImlhdCI6MTc4OTQ0MjM5MSwiZXhwIjoxNzg5NDQ5NTkxfQ.lg5vMExP12EeaG2fnvGC865tHwKsv4SaYJ28MO6ZfDf4A4BYYCjS0lkjd6chH7Fc
perf_resident_152,eyJhbGciOiJIUzM4NCJ9.eyJqdGkiOiI4ZmM0ZDJkNTQyZDY0MDA0OWFkOGViNmRiZjBlODU0ZSIsInN1YiI6IjM0IiwidXNlcm5hbWUiOiJwZXJmX3Jlc2lkZW50XzE1MiIsInJvbGUiOiJSRVNJREVOVCIsImlhdCI6MTc4OTQ0MjM5MSwiZXhwIjoxNzg5NDQ5NTkxfQ.fpHKAwbV3FeqLmYxvAZ4YVe5dKzJBcEICx5D2x3gvQBwYqae3hNveOpcrb4Vf1aK
perf_resident_153,eyJhbGciOiJIUzM4NCJ9.eyJqdGkiOiJmZmU5OGFjMTlkNDc0NmUyYWQzZmZjOGE2MGY4MDVjMiIsInN1YiI6IjU0IiwidXNlcm5hbWUiOiJwZXJmX3Jlc2lkZW50XzE1MyIsInJvbGUiOiJSRVNJREVOVCIsImlhdCI6MTc4OTQ0MjM5MSwiZXhwIjoxNzg5NDQ5NTkxfQ.2KFGTdcE20oj4odGHSb5GVnrqUtamHlPdxPixV0Z4jqYqeoyS_QZz7H_miqwRifH
perf_resident_154,eyJhbGciOiJIUzM4NCJ9.eyJqdGkiOiIwNzkyYmU2ZDFmYmY0NThiOWRmZDRlMDVjNTkxZTJiZCIsInN1YiI6Ijc0IiwidXNlcm5hbWUiOiJwZXJmX3Jlc2lkZW50XzE1NCIsInJvbGUiOiJSRVNJREVOVCIsImlhdCI6MTc4OTQ0MjM5MSwiZXhwIjoxNzg5NDQ5NTkxfQ.a6L26k2MfPqU_CX_1DJkKklkosdxES-sDta6iE2wfnENskKX49LMDHyS31Yfcf0s
perf_resident_155,eyJhbGciOiJIUzM4NCJ9.eyJqdGkiOiJmMTdjNzNlY2JmYzk0ZjJmOWM0OTMwZmEzYzNlMDE1YyIsInN1YiI6Ijk0IiwidXNlcm5hbWUiOiJwZXJmX3Jlc2lkZW50XzE1NSIsInJvbGUiOiJSRVNJREVOVCIsImlhdCI6MTc4OTQ0MjM5MiwiZXhwIjoxNzg5NDQ5NTkyfQ.A9jQ1_BmmEr4xTlT7FK5HUpK3j0JDBIzGWxriKrxQDXon2inApeEkeXFQ_BRsIDn
perf_resident_156,eyJhbGciOiJIUzM4NCJ9.eyJqdGkiOiJjYjk3ZjZkYzhhZjY0N2E4YThiNjFmZDhiYmNhYmZkZSIsInN1YiI6IjExNCIsInVzZXJuYW1lIjoicGVyZl9yZXNpZGVudF8xNTYiLCJyb2xlIjoiUkVTSURFTlQiLCJpYXQiOjE3ODk0NDIzOTIsImV4cCI6MTc4OTQ0OTU5Mn0.6OtTVY-nnvN8XBXvlVKPqX_YzkqsFNYt-VLXfz6S36j9cn-OCpiYKXMMzp9RZOlt
perf_resident_157,eyJhbGciOiJIUzM4NCJ9.eyJqdGkiOiIwNTRhZjhhY2I0ZmQ0NGU1OGRiNGUzZjA4YTBjZTJjNyIsInN1YiI6IjEzNCIsInVzZXJuYW1lIjoicGVyZl9yZXNpZGVudF8xNTciLCJyb2xlIjoiUkVTSURFTlQiLCJpYXQiOjE3ODk0NDIzOTIsImV4cCI6MTc4OTQ0OTU5Mn0.rKQOEjdw-E8ZMRWwKNcQIArVgTHgSg98AFJCMw84mRTMVLBa7ris_Z3bLYH15BqY
perf_resident_158,eyJhbGciOiJIUzM4NCJ9.eyJqdGkiOiJjNDcwNjRjNTdkZjk0YmViYjAyMzFmYzc2MTRhMjMzYyIsInN1YiI6IjE1NCIsInVzZXJuYW1lIjoicGVyZl9yZXNpZGVudF8xNTgiLCJyb2xlIjoiUkVTSURFTlQiLCJpYXQiOjE3ODk0NDIzOTIsImV4cCI6MTc4OTQ0OTU5Mn0.o2l1rHN7DRljDpE7pR4cP_emq45thX8zvSSSr1mImpxpFaM46Dqe4EKm5W7M5qEB
perf_resident_159,eyJhbGciOiJIUzM4NCJ9.eyJqdGkiOiI5ZTRkYjRjODExODE0OGM2OGYwOTc0M2M3Njg3N2M4MCIsInN1YiI6IjE3NCIsInVzZXJuYW1lIjoicGVyZl9yZXNpZGVudF8xNTkiLCJyb2xlIjoiUkVTSURFTlQiLCJpYXQiOjE3ODk0NDIzOTIsImV4cCI6MTc4OTQ0OTU5Mn0.l62qoSaZYwvtvlmDZDZUbrfDy1URlUQ5bs0PnnQTjw4CexuW47OnejfhpnSbbJIc
perf_resident_160,eyJhbGciOiJIUzM4NCJ9.eyJqdGkiOiI1ZjlkMDEzNzNkY2M0OWU0YmQwMWZlNjg2MzVkODU1NiIsInN1YiI6IjE5NCIsInVzZXJuYW1lIjoicGVyZl9yZXNpZGVudF8xNjAiLCJyb2xlIjoiUkVTSURFTlQiLCJpYXQiOjE3ODk0NDIzOTIsImV4cCI6MTc4OTQ0OTU5Mn0.Ce39kp9UwDhUGnUiGGpTQhs80-rKYZmQ84jCPso_mb60FDF_7lMpNfNKW6ZHbE2k
perf_resident_161,eyJhbGciOiJIUzM4NCJ9.eyJqdGkiOiI3YTg1M2Y2MWY4ZmQ0MWRlOWQ4NjQ1NTk2YmFiMDcyMCIsInN1YiI6IjEyIiwidXNlcm5hbWUiOiJwZXJmX3Jlc2lkZW50XzE2MSIsInJvbGUiOiJSRVNJREVOVCIsImlhdCI6MTc4OTQ0MjM5MiwiZXhwIjoxNzg5NDQ5NTkyfQ.XwccHqRLkjuqO4QsQEidScvXCIxoKDOCW0EhGHRDZMVTTp7wczFjBmCEXaXP1KCM
perf_resident_162,eyJhbGciOiJIUzM4NCJ9.eyJqdGkiOiJmNmJlZTU4NDQ5M2M0YWFjYjk2Nzc5MDUyMDA5NjVmYSIsInN1YiI6IjMyIiwidXNlcm5hbWUiOiJwZXJmX3Jlc2lkZW50XzE2MiIsInJvbGUiOiJSRVNJREVOVCIsImlhdCI6MTc4OTQ0MjM5MiwiZXhwIjoxNzg5NDQ5NTkyfQ.uLJjPbigDmnjaC4Ehzis5zN2_H1wqhMRLf8T2QjR2jfCHEmZuJfy9ji1yC4Jfd23
perf_resident_163,eyJhbGciOiJIUzM4NCJ9.eyJqdGkiOiI1OWU1MDI0NWUzN2Y0NWM4OGQ4YzMyYjJjNTcxM2ZmNiIsInN1YiI6IjUyIiwidXNlcm5hbWUiOiJwZXJmX3Jlc2lkZW50XzE2MyIsInJvbGUiOiJSRVNJREVOVCIsImlhdCI6MTc4OTQ0MjM5MiwiZXhwIjoxNzg5NDQ5NTkyfQ.VcBZzY9H1AIZXjbz0G7WHRXk4oACbm2wjaTsimDOLq7V39rPtDNVJuZhIFPU5h5O
perf_resident_164,eyJhbGciOiJIUzM4NCJ9.eyJqdGkiOiIyMWJmNjQ4MWEyZDk0NzM4ODI3ZGQzNWQ5YTljYmE1NyIsInN1YiI6IjcyIiwidXNlcm5hbWUiOiJwZXJmX3Jlc2lkZW50XzE2NCIsInJvbGUiOiJSRVNJREVOVCIsImlhdCI6MTc4OTQ0MjM5MiwiZXhwIjoxNzg5NDQ5NTkyfQ.9EzETvrTE3v4P4ly21L5-lOi6qGrVkBuU3wgZQSxLKDqoo0VitQ95cutG0Yw5PCx
perf_resident_165,eyJhbGciOiJIUzM4NCJ9.eyJqdGkiOiIxODk2MjlhZThlYzM0ZjUwODNlNWRhNzliODI3ZDdmNSIsInN1YiI6IjkyIiwidXNlcm5hbWUiOiJwZXJmX3Jlc2lkZW50XzE2NSIsInJvbGUiOiJSRVNJREVOVCIsImlhdCI6MTc4OTQ0MjM5MiwiZXhwIjoxNzg5NDQ5NTkyfQ.qwRCbHtDWjbBsRvVuDuKMUODNOHBuI9MmvKvCHCos4Bu2YaGzL6J9CJjK-r9Jty3
perf_resident_166,eyJhbGciOiJIUzM4NCJ9.eyJqdGkiOiI2YmM5OGNlY2Y1ZTk0MjQ1OTJjNzFkOGE1MWRkMjI5NyIsInN1YiI6IjExMiIsInVzZXJuYW1lIjoicGVyZl9yZXNpZGVudF8xNjYiLCJyb2xlIjoiUkVTSURFTlQiLCJpYXQiOjE3ODk0NDIzOTIsImV4cCI6MTc4OTQ0OTU5Mn0.HtMesJfuD4uQdNhVoC9-YfSSepCn8SfsETkP11lTL2M-zrAm_BE1yIXdfoREkhiy
perf_resident_167,eyJhbGciOiJIUzM4NCJ9.eyJqdGkiOiJhYjEwNGY4NjdlZTA0YWYxOTIzYmZiMzMwZGQ3Y2RkMyIsInN1YiI6IjEzMiIsInVzZXJuYW1lIjoicGVyZl9yZXNpZGVudF8xNjciLCJyb2xlIjoiUkVTSURFTlQiLCJpYXQiOjE3ODk0NDIzOTIsImV4cCI6MTc4OTQ0OTU5Mn0.66U7Y7EvQfDAnuoF1snEI0at5vurJc3t6P4peyoWYJ62NWxEdsVP2C_C4JkEjkqA
perf_resident_168,eyJhbGciOiJIUzM4NCJ9.eyJqdGkiOiIzNDU0ZTZkZDYyZTU0MDQzODVlNWUzODU1ZDk2ZjRhNSIsInN1YiI6IjE1MiIsInVzZXJuYW1lIjoicGVyZl9yZXNpZGVudF8xNjgiLCJyb2xlIjoiUkVTSURFTlQiLCJpYXQiOjE3ODk0NDIzOTIsImV4cCI6MTc4OTQ0OTU5Mn0.OQvSMaT4BCeuYPS6lYqfZxHcc8CnVPfAQja75lBjiQ56Ej2T0i7Y3R5Q3wsQ2Ldq
perf_resident_169,eyJhbGciOiJIUzM4NCJ9.eyJqdGkiOiJjZDg3YjczNTA2OGY0N2YwYjY3OGVlNDZkOTVjY2U3ZCIsInN1YiI6IjE3MiIsInVzZXJuYW1lIjoicGVyZl9yZXNpZGVudF8xNjkiLCJyb2xlIjoiUkVTSURFTlQiLCJpYXQiOjE3ODk0NDIzOTIsImV4cCI6MTc4OTQ0OTU5Mn0.78xfE_TJTCVzXVU_CyfDUFFA5ePdC1tkiZrK9J6lxcx4gsLoxJoZ9-P11jcsQPqg
perf_resident_170,eyJhbGciOiJIUzM4NCJ9.eyJqdGkiOiI5NWE4N2NkMmU4ZGE0MTgzYmVhMzYxY2RmYTFlY2M3OCIsInN1YiI6IjE5MiIsInVzZXJuYW1lIjoicGVyZl9yZXNpZGVudF8xNzAiLCJyb2xlIjoiUkVTSURFTlQiLCJpYXQiOjE3ODk0NDIzOTMsImV4cCI6MTc4OTQ0OTU5M30.o5gzOVp-CqZysHWcQ5DsP-2t7B3GQpA070BfYonszGFT473_bG2QU3N9tfX3vsKy
perf_resident_171,eyJhbGciOiJIUzM4NCJ9.eyJqdGkiOiJiYzZjYmVkZTY3MTY0MjdhODI5NGJmMmQ5MDhhYTZhZiIsInN1YiI6IjEwIiwidXNlcm5hbWUiOiJwZXJmX3Jlc2lkZW50XzE3MSIsInJvbGUiOiJSRVNJREVOVCIsImlhdCI6MTc4OTQ0MjM5MywiZXhwIjoxNzg5NDQ5NTkzfQ.KNwXXoseIhcUBWCyoqX2S-FJavIwmprFcG5ZDDD2iuLoUS4yGB76AXcN1j8sfErJ
perf_resident_172,eyJhbGciOiJIUzM4NCJ9.eyJqdGkiOiJjNDk5OWFkMjEyNTM0MWIwOTM0Y2MyM2E1ODAzYzVmMyIsInN1YiI6IjMwIiwidXNlcm5hbWUiOiJwZXJmX3Jlc2lkZW50XzE3MiIsInJvbGUiOiJSRVNJREVOVCIsImlhdCI6MTc4OTQ0MjM5MywiZXhwIjoxNzg5NDQ5NTkzfQ.X-e71M472rj2W_f4fXFAxxmBxAVRklvPexws5r4ctOf0DJst44z8Mmb3k8kr-EIR
perf_resident_173,eyJhbGciOiJIUzM4NCJ9.eyJqdGkiOiJkNjdmNWVjZDI0MTQ0OTEwODliYWY0NjMwNDI5YzI2OSIsInN1YiI6IjUwIiwidXNlcm5hbWUiOiJwZXJmX3Jlc2lkZW50XzE3MyIsInJvbGUiOiJSRVNJREVOVCIsImlhdCI6MTc4OTQ0MjM5MywiZXhwIjoxNzg5NDQ5NTkzfQ.6gYY-HsK6lnpUEtYlZ1MyTX0SImPyXc7kfhCtOC32a01YHgb6ylmBwN9Gb2IMaxg
perf_resident_174,eyJhbGciOiJIUzM4NCJ9.eyJqdGkiOiIzMmQyMDA0MmI3Mjg0ZjAxOTlhZGZmYjNiYjRhM2ZkYSIsInN1YiI6IjcwIiwidXNlcm5hbWUiOiJwZXJmX3Jlc2lkZW50XzE3NCIsInJvbGUiOiJSRVNJREVOVCIsImlhdCI6MTc4OTQ0MjM5MywiZXhwIjoxNzg5NDQ5NTkzfQ.vKJUizuRX2K1LygVBHuwMS9Hf2WPvIpqEdk72YKSfJrC4CGcSojB4XXq87kuHT2W
perf_resident_175,eyJhbGciOiJIUzM4NCJ9.eyJqdGkiOiIzOGIxZjYxZWM0ZGE0MDdmOTE1NzA1NWMxMzliZGRiZiIsInN1YiI6IjkwIiwidXNlcm5hbWUiOiJwZXJmX3Jlc2lkZW50XzE3NSIsInJvbGUiOiJSRVNJREVOVCIsImlhdCI6MTc4OTQ0MjM5MywiZXhwIjoxNzg5NDQ5NTkzfQ.1XE4wbKuP7l-TaEYOknLCeDeZc5JH84PiIhJ5PrHFsApL46g_m-0kbpSo3L-x_PF
perf_resident_176,eyJhbGciOiJIUzM4NCJ9.eyJqdGkiOiI2M2ViYzc2ZjY2MjQ0NzUyODI1MWM3ZGUxNTM3NzQ0YiIsInN1YiI6IjExMCIsInVzZXJuYW1lIjoicGVyZl9yZXNpZGVudF8xNzYiLCJyb2xlIjoiUkVTSURFTlQiLCJpYXQiOjE3ODk0NDIzOTMsImV4cCI6MTc4OTQ0OTU5M30.J-t96MMh8PqpNrMSQZnm1J5JZYAYgHX_H123RlYtAG56cta1AHkfHAS5ydpvXo3T
perf_resident_177,eyJhbGciOiJIUzM4NCJ9.eyJqdGkiOiI1NGU2YmExZDE5ZWU0NzA1YmI0NGY2MGEwMzQxMDBlMSIsInN1YiI6IjEzMCIsInVzZXJuYW1lIjoicGVyZl9yZXNpZGVudF8xNzciLCJyb2xlIjoiUkVTSURFTlQiLCJpYXQiOjE3ODk0NDIzOTMsImV4cCI6MTc4OTQ0OTU5M30.pYFSxl8hEDMED-FwyL1qwYf38NsSHzWyQONmmuocIvLOTC73x-g9w3p2z7WCNfnG
perf_resident_178,eyJhbGciOiJIUzM4NCJ9.eyJqdGkiOiJjYTYwMjkyYTYxNmI0MDdhOWUzOGYxMTJiNzkyYWZiMCIsInN1YiI6IjE1MCIsInVzZXJuYW1lIjoicGVyZl9yZXNpZGVudF8xNzgiLCJyb2xlIjoiUkVTSURFTlQiLCJpYXQiOjE3ODk0NDIzOTMsImV4cCI6MTc4OTQ0OTU5M30.omLuumuRR_WNDzPy8bm-b98NVbe7t8jvUP5AlQGSSYX8sDdUuANGG4QVh8lp3oiy
perf_resident_179,eyJhbGciOiJIUzM4NCJ9.eyJqdGkiOiI2YTA5MDE0NjJiYzc0NmFiYjRmNjRiODcwOTBmNTg5YSIsInN1YiI6IjE3MCIsInVzZXJuYW1lIjoicGVyZl9yZXNpZGVudF8xNzkiLCJyb2xlIjoiUkVTSURFTlQiLCJpYXQiOjE3ODk0NDIzOTMsImV4cCI6MTc4OTQ0OTU5M30.weXgSWVjzsY4iDPu9bfrkijGwpra6TWUWbianlPAZKWe_0nKawC086JAN8H49wyH
perf_resident_180,eyJhbGciOiJIUzM4NCJ9.eyJqdGkiOiJkZmFiNzVmNDMxZDk0MTI3OGE2NDdmMjk0ZGMxY2Y4MSIsInN1YiI6IjE5MCIsInVzZXJuYW1lIjoicGVyZl9yZXNpZGVudF8xODAiLCJyb2xlIjoiUkVTSURFTlQiLCJpYXQiOjE3ODk0NDIzOTMsImV4cCI6MTc4OTQ0OTU5M30.g9i3mIvonXImPNo99RG3QCAKbbMyCx3pNv_AYUUdTtZQGmRXh9v3NqgGU56izCSA
perf_resident_181,eyJhbGciOiJIUzM4NCJ9.eyJqdGkiOiIzNmU3OTZhMjhhMTA0M2Y2OGMzNWJhMTY2YWQ0OGU3NSIsInN1YiI6IjgiLCJ1c2VybmFtZSI6InBlcmZfcmVzaWRlbnRfMTgxIiwicm9sZSI6IlJFU0lERU5UIiwiaWF0IjoxNzg5NDQyMzkzLCJleHAiOjE3ODk0NDk1OTN9.UENpgSdYhM-AlKrGDKYGzEaiu3QufUXH1Z6Q9Sl_L1OUoBxThObBc-JzTY6TU7Pu
perf_resident_182,eyJhbGciOiJIUzM4NCJ9.eyJqdGkiOiI4MjA4MDdlNzJlMmQ0MjMwYmM4YmNhNTg4NmJhZjhkMSIsInN1YiI6IjI4IiwidXNlcm5hbWUiOiJwZXJmX3Jlc2lkZW50XzE4MiIsInJvbGUiOiJSRVNJREVOVCIsImlhdCI6MTc4OTQ0MjM5MywiZXhwIjoxNzg5NDQ5NTkzfQ.x3-08oe_HROivnsf56C0d7sL0gD5MCxhG0vp9mgsvMrD3hvZO16VSgSFcSFq_1IV
perf_resident_183,eyJhbGciOiJIUzM4NCJ9.eyJqdGkiOiI4NGY4ZDYyMGU1M2Y0YzJhYjMwZTRmMGIzZWMyZDQyYyIsInN1YiI6IjQ4IiwidXNlcm5hbWUiOiJwZXJmX3Jlc2lkZW50XzE4MyIsInJvbGUiOiJSRVNJREVOVCIsImlhdCI6MTc4OTQ0MjM5MywiZXhwIjoxNzg5NDQ5NTkzfQ.SCDluYYY-jHJo8P6iJUcwhD3e5saRtgAMA617Ccsv93CJ55y1nC1Zm305sT1HJxz
perf_resident_184,eyJhbGciOiJIUzM4NCJ9.eyJqdGkiOiIyNWIyYzE5NTM0ZGY0NWJkYjY4MGNkZjdjNTdjOGRmOCIsInN1YiI6IjY4IiwidXNlcm5hbWUiOiJwZXJmX3Jlc2lkZW50XzE4NCIsInJvbGUiOiJSRVNJREVOVCIsImlhdCI6MTc4OTQ0MjM5MywiZXhwIjoxNzg5NDQ5NTkzfQ.midPjBOiUcDMkIZLoW4KG_nUy8dhzSE4MxyOXL2dTmRuM9UOc9j1-kI-1mhV-ZLc
perf_resident_185,eyJhbGciOiJIUzM4NCJ9.eyJqdGkiOiJmZDU3MDZhNjVhMDA0N2RlOGYyZWMzMjdkYWRiODc4YiIsInN1YiI6Ijg4IiwidXNlcm5hbWUiOiJwZXJmX3Jlc2lkZW50XzE4NSIsInJvbGUiOiJSRVNJREVOVCIsImlhdCI6MTc4OTQ0MjM5NCwiZXhwIjoxNzg5NDQ5NTk0fQ.Jy2jSCihM4CIdhbDlsGTu5jDabxcorEFPy5bQXF07BsTVGym3vd48rh4phl_KBeV
perf_resident_186,eyJhbGciOiJIUzM4NCJ9.eyJqdGkiOiJjZTNjNGQ1ODk4YzQ0ODBjYTUzMDU5ZmI2MTJmMjFhZSIsInN1YiI6IjEwOCIsInVzZXJuYW1lIjoicGVyZl9yZXNpZGVudF8xODYiLCJyb2xlIjoiUkVTSURFTlQiLCJpYXQiOjE3ODk0NDIzOTQsImV4cCI6MTc4OTQ0OTU5NH0.pHd2ulIvMHB_Ietk0jIgNorhppB5TLJVrFYD3UkJbZVcUMHfXzUarzA0H5BHTnQN
perf_resident_187,eyJhbGciOiJIUzM4NCJ9.eyJqdGkiOiJmZGZlYTFmZTYwNDU0NTMzOTM2YWRjNzVhZmNhNjlmYiIsInN1YiI6IjEyOCIsInVzZXJuYW1lIjoicGVyZl9yZXNpZGVudF8xODciLCJyb2xlIjoiUkVTSURFTlQiLCJpYXQiOjE3ODk0NDIzOTQsImV4cCI6MTc4OTQ0OTU5NH0.rMCdYjNCFVmi6fHXTeMqDQ5ZHVGgoNP3Ar7sZdFDIoW-aYGTK_Gkw1yWHmWOSWYL
perf_resident_188,eyJhbGciOiJIUzM4NCJ9.eyJqdGkiOiI5YzBjYjhhZGRmNWI0ODJhODkzNjNjMTEzZDRjM2EzYyIsInN1YiI6IjE0OCIsInVzZXJuYW1lIjoicGVyZl9yZXNpZGVudF8xODgiLCJyb2xlIjoiUkVTSURFTlQiLCJpYXQiOjE3ODk0NDIzOTQsImV4cCI6MTc4OTQ0OTU5NH0.ofhSZ8tNAXWJptTNc1QDJRdohNqWVMHvaypJTB44u2inChHejYloTk0K5p9MnM4P
perf_resident_189,eyJhbGciOiJIUzM4NCJ9.eyJqdGkiOiIzMThmM2E1NzgzMmM0YjE3YjVmYjIwM2RhNzhjMDAyNiIsInN1YiI6IjE2OCIsInVzZXJuYW1lIjoicGVyZl9yZXNpZGVudF8xODkiLCJyb2xlIjoiUkVTSURFTlQiLCJpYXQiOjE3ODk0NDIzOTQsImV4cCI6MTc4OTQ0OTU5NH0.CvBfyFHuXEVgQZqFD5XsmfeN94Prij3TEJymw-SvB-nGLjIjqfXGcwaHnEX0C9Oa
perf_resident_190,eyJhbGciOiJIUzM4NCJ9.eyJqdGkiOiIxOWJlZGNkMWM0Yjg0YmZkYjFkNGYxNzFiNmNhNThjNyIsInN1YiI6IjE4OCIsInVzZXJuYW1lIjoicGVyZl9yZXNpZGVudF8xOTAiLCJyb2xlIjoiUkVTSURFTlQiLCJpYXQiOjE3ODk0NDIzOTQsImV4cCI6MTc4OTQ0OTU5NH0.FoHxGfRRqKQbIeLyGUK9X6WFPO5dRvu922CgtaRUwba-yawJ6r1FVEAWKu12dvK_
perf_resident_191,eyJhbGciOiJIUzM4NCJ9.eyJqdGkiOiI3Y2VlZDZiYmUxNmQ0Zjk3YmM4NGJiNjFjZjQ1M2VhMiIsInN1YiI6IjYiLCJ1c2VybmFtZSI6InBlcmZfcmVzaWRlbnRfMTkxIiwicm9sZSI6IlJFU0lERU5UIiwiaWF0IjoxNzg5NDQyMzk0LCJleHAiOjE3ODk0NDk1OTR9.t38Wy_OPj9G0esSDXtM7raXyuJh-O-2s4p7pyjocs26owFp80Pa9zsRADcSZYQ-Q
perf_resident_192,eyJhbGciOiJIUzM4NCJ9.eyJqdGkiOiIzZGJhMGI0ZGY4YmU0Nzc0YmU4ZDU2Nzk3MDMxMjllOCIsInN1YiI6IjI2IiwidXNlcm5hbWUiOiJwZXJmX3Jlc2lkZW50XzE5MiIsInJvbGUiOiJSRVNJREVOVCIsImlhdCI6MTc4OTQ0MjM5NCwiZXhwIjoxNzg5NDQ5NTk0fQ.O9T8xCcdzDNIZYb1z_SUOeAP67oOmXqgxLLlXzMiXBTdUJ9h_51CqoBuYEFkwpEN
perf_resident_193,eyJhbGciOiJIUzM4NCJ9.eyJqdGkiOiI0MWVjNTAwOGY1MGY0NGQ1YTUwN2Q4ZWY1OGI4ZmMzOCIsInN1YiI6IjQ2IiwidXNlcm5hbWUiOiJwZXJmX3Jlc2lkZW50XzE5MyIsInJvbGUiOiJSRVNJREVOVCIsImlhdCI6MTc4OTQ0MjM5NCwiZXhwIjoxNzg5NDQ5NTk0fQ.KnsBeVZH7TQ1TOtVha-5f0H2OVNfRQTT_-8aQCFozB4LvukEJmSXXzDDZgHy9Ay_
perf_resident_194,eyJhbGciOiJIUzM4NCJ9.eyJqdGkiOiI1MTUwYTIzNDE4NDQ0NTMyYjk0MjBhMWMyZGUxYmU3ZCIsInN1YiI6IjY2IiwidXNlcm5hbWUiOiJwZXJmX3Jlc2lkZW50XzE5NCIsInJvbGUiOiJSRVNJREVOVCIsImlhdCI6MTc4OTQ0MjM5NCwiZXhwIjoxNzg5NDQ5NTk0fQ.R3FF97slSY9krCoHqyLaRqjb9iJ7-ky3MG2egU9dFtgMugBVamlcA-h6UAqZ91qs
perf_resident_195,eyJhbGciOiJIUzM4NCJ9.eyJqdGkiOiJlOThiODc1YTkzYjY0MmVmOTQwNDcxODY3NmVkN2E2ZCIsInN1YiI6Ijg2IiwidXNlcm5hbWUiOiJwZXJmX3Jlc2lkZW50XzE5NSIsInJvbGUiOiJSRVNJREVOVCIsImlhdCI6MTc4OTQ0MjM5NCwiZXhwIjoxNzg5NDQ5NTk0fQ.8WXUnb9vJzIu5iOn7eakux_xoNeEpw5PBp421MFC-QC8z_up8r76VXR6pamGX4FV
perf_resident_196,eyJhbGciOiJIUzM4NCJ9.eyJqdGkiOiJhZTYxZDdmMTQ0YjA0MDg0YmFkYTYzMzExM2EyYzM4MCIsInN1YiI6IjEwNiIsInVzZXJuYW1lIjoicGVyZl9yZXNpZGVudF8xOTYiLCJyb2xlIjoiUkVTSURFTlQiLCJpYXQiOjE3ODk0NDIzOTQsImV4cCI6MTc4OTQ0OTU5NH0.y5Pck0ZfbEAfS_CpFgzV7djCIoijOQcU0yDrI0bF25wgBshZgnQ63vI34iJSpfrq
perf_resident_197,eyJhbGciOiJIUzM4NCJ9.eyJqdGkiOiJlNjFhNDcwMzY3ZGI0N2U1ODdkM2YyNzhlOGQzZjg1YSIsInN1YiI6IjEyNiIsInVzZXJuYW1lIjoicGVyZl9yZXNpZGVudF8xOTciLCJyb2xlIjoiUkVTSURFTlQiLCJpYXQiOjE3ODk0NDIzOTQsImV4cCI6MTc4OTQ0OTU5NH0.Fniccb2UIvSqI5Li8kPM-13e2DuD00nhXiKa1zfVRQ2hnfmyktHOmcSLqEsSpXVL
perf_resident_198,eyJhbGciOiJIUzM4NCJ9.eyJqdGkiOiIxYzljNWJkOTUxMzY0ODYzOTQ2YzVlMjljNGY1ODdjMSIsInN1YiI6IjE0NiIsInVzZXJuYW1lIjoicGVyZl9yZXNpZGVudF8xOTgiLCJyb2xlIjoiUkVTSURFTlQiLCJpYXQiOjE3ODk0NDIzOTQsImV4cCI6MTc4OTQ0OTU5NH0.O3nMM58ghwypxwdNNpz-CWorAFQJ9wxGB64tCmSOmFT43LwwXy0E_N7ZDpKhCGu7
perf_resident_199,eyJhbGciOiJIUzM4NCJ9.eyJqdGkiOiJmMzdmNzFiNmIzMDg0ZTExODQwYjViMjk1NjExMjIzYyIsInN1YiI6IjE2NiIsInVzZXJuYW1lIjoicGVyZl9yZXNpZGVudF8xOTkiLCJyb2xlIjoiUkVTSURFTlQiLCJpYXQiOjE3ODk0NDIzOTQsImV4cCI6MTc4OTQ0OTU5NH0.jS1woARM_bLuq159L_woQwsGS3dAxbamtABqOeBIRss6U9_htFCclT_e6TwAVOhY
perf_resident_200,eyJhbGciOiJIUzM4NCJ9.eyJqdGkiOiIzNzg4MGM2ODE3YzY0NWNkYjc2Zjc5NDBiNWRjNjQ0OSIsInN1YiI6IjE4NiIsInVzZXJuYW1lIjoicGVyZl9yZXNpZGVudF8yMDAiLCJyb2xlIjoiUkVTSURFTlQiLCJpYXQiOjE3ODk0NDIzOTUsImV4cCI6MTc4OTQ0OTU5NX0.VZZve_pIKqaITvzFb6Xvyjh0hNdUzxHd5XoQOMETRI6L7dzYq1Lisp61B3UClWAQ
